Prefecture,Food,Rice,White.bread,Other.bread,Non.dried..Udon...Soba.,Dried..Udon...Soba.,Pasta,Chinese.noodles,Cup.noodles,Instant.noodles,Other.noodles,Wheat.flour,X.Mochi...rice.cakes,Other.in..Other.cereals.,Tuna.fish,Horse.mackerel,Sardines,Bonito,Flounder,Salmon,Mackerel,Saury,Sea.bream,Yellowtail,Cuttlefish,Octopus,Shrimps...lobsters,Crabs,Other.raw.fish,X.Sashimi...mixed.set,Short.necked.clams,Fresh.water.clams,Oysters,Scallops,Other.shellfish,Salted.salmon,Salted.pollock.roe,X.Shirasu.boshi...dried.young.sardines,Dried.horse.mackerel,Other.salted...dried.fish,X.Agekamaboko...fried.fish.paste.patties,X.Chikuwa...baked.fish.paste.bars,X.Kamaboko...steamed.fish.paste.cakes,Other.fish.paste.products,Bonito.fillets...fish.flakes..dried,Pickled.fish,Fish.prepared.in.soy.sauce,Canned.fish,Other.in..Other.processed.fish.,Beef,Pork,Chicken,Mixed.ground.meat,Other.raw.meat,Ham,Sausages,Bacon,Other.processed.meat,Fresh.milk,Powdered.milk,Yogurt,Butter,Cheese,Other.dairy.products,Eggs,Cabbage,Spinach,Chinese.cabbage,Welsh.onions,Lettuce,Broccoli,Bean.sprouts,Other.leafy.vegetables,Sweet.potatoes,White.potatoes,Taros,Radishes,Carrots,Burdocks,Onions,Lotus.roots,Bamboo.shoots,Other.root.vegetables,String.beans,Pumpkins,Cucumbers,Eggplants,Tomatoes,Green.peppers,X.Shiitake...Japanese.mushrooms..fresh,Other.mushrooms,Other.in..Other.vegetables.,Beans,X.Shiitake...Japanese.mushrooms..dried,Dried.laver,X.Wakame...seaweed,Dried.tangle,Other.dried.vegetables...seaweeds,Bean.curd,Fried.bean.curd,X.Natto...fermented.soybeans,Other.soybean.products,X.Konnyaku...devil.s.tongue.jelly,X.Umeboshi...pickled.plums,Pickled.radishes,Pickled.chinese.cabbage,Other.pickled.vegetables,Tangle.prepared.in.soy.sauce,Other.vegetables...seaweeds.prepared.in.soy.sauce,Other.in..Other.processed.vegetables...seaweeds.,Apples,Mandarin.oranges,Grapefruits,Oranges,Other.citrus.fruits,Pears,Grapes,Persimmons,Peaches,Watermelons,Melons,Strawberries,Bananas,Kiwi.fruits,Other.fruits,Processed.fruits,Edible.oil,Margarine,Salt,Soy.sauce,X.Miso...soybean.paste,Sugar,Vinegar,Worcester.sauce,Tomato.ketchup,Mayonnaise...mayonnaise.flavor.seasoning,Dressing,Jam,Instant.curry.mix,Instant.dried.soup,Soup.stock,X.Furikake...granular.flavor.seasonings,X.Tsuyu.....Tare...liquid.seasonings,Other.seasonings,X.Yokan...sweet.bean.jelly,X.Manju...bean.jam.cakes,Other.fresh.Japanese.cakes,X.Kasutera...sponge.cakes,Cakes,Jelly,Puddings,Other.fresh.cakes,X.Senbei...Japanese.crackers,Biscuits,Fried...salted.snack.crackers,Candies,Chocolate,Chocolate.snacks,Ice.cream...ice.sherbet,Other.cakes...candies,Packed.lunch,X.Sushi...packed.,X.Onigiri...others,Bread.like.sandwiches.put.cooked.food.between.bread,Other.cooked.food.with.rice..bread.or.noodles,X.Kabayaki...broiled.eels,Salad,Croquettes,Cutlets,Fried.food,Shao.mais,Jiao.zi,X.Yakitori...grilled.chickens,Hamburg.steak,Frozen.food,Food.stuff.for.cooking,Others.in..Other.cooked.food.,Green.tea,Black.tea,Other.tea.leaves,Tea.beverages,Coffee,Coffee.beverages,Cocoa...cocoa.beverages,Fruits...vegetable.juice,Carbonated.beverages,Fermented.lactic.beverages,Lactic.beverages,Mineral.water,Other.in..Other.beverages.,X.Sake.,X.Shochu...distilled.spirits,Beer,Whisky,Wine,Low.malt.beer...beer.flavored.alcoholic.beverages,Other.alcoholic.beverages,X.Soba....Udon...Japanese.noodles,Chinese.noodles.1,Other.noodles.1,X.Sushi...eating.out,Japanese.meals,Chinese.meals,Western.meals,Hamburgers,Other.meals,Other.refreshments,Drinking,School.lunch
HOKKAIDO,827413.6667,33910,6681.666667,17698.33333,2827.666667,2310.333333,1194.666667,3864.333333,3685,1865.333333,653,537,1966.666667,2337.333333,4151.666667,249.6666667,214.6666667,682.6666667,2046.333333,6213,746.6666667,1587.333333,290.6666667,1072,2648.333333,1357,3006.333333,2358,9014.333333,3663.333333,544.3333333,701,760.6666667,2297.666667,811.3333333,3257,3196.333333,508,290,10697.66667,1794,1314.333333,3197,1195,805.3333333,5578.666667,1019,2338.666667,4678,9756.333333,26300.66667,12098.66667,1201.666667,4068.666667,5630.333333,7719.666667,2817,3577.666667,11813,713.3333333,7902.666667,1134.666667,5179.666667,488.6666667,7514.666667,2667.333333,2495.666667,1492.666667,3060.333333,2310.333333,1789.666667,1014,8099.333333,983,2593,426,2177.333333,2130,1115.333333,3439.333333,578.6666667,906,3464.666667,1436.666667,1540.666667,2948,2053.333333,7141.666667,2093.666667,1929,4703,3241.666667,601.6666667,536.3333333,2081.333333,919,828.3333333,2528,4398,2032.333333,3791.333333,517,2133.333333,1664,839.6666667,339.6666667,5460,954.3333333,335,1500.666667,4341,5029.333333,740.6666667,580,1964,950.6666667,1651,1498.333333,945,1632,3490.666667,2906,4274.666667,1320.333333,3752.333333,2377,3106.666667,658.3333333,480.6666667,1530.333333,2109.333333,1214.666667,1145.666667,587,630,1211.333333,1678,1097,1385,1968.666667,1632,1207.333333,4422.333333,10780.66667,702.6666667,658.6666667,9428.666667,806.6666667,7437.333333,1854.666667,1229.333333,7165,3360.666667,3531,4989,2562.333333,5144.666667,2032,7426.333333,18762.33333,10078.66667,9138,3442,3842.666667,7047.666667,1187,2771.333333,1176.333333,784,8550.666667,715,1927.333333,2350.333333,838.6666667,4564.666667,1757,21016,3501.666667,844.6666667,1276.666667,6566.333333,6036.666667,4365.666667,403,7866.333333,5290.333333,2379.666667,1191.333333,1995,5729.333333,5127.333333,5895.333333,15909.33333,2153.333333,4280.333333,9210.666667,2670.333333,5578,5462,1961.666667,16190.33333,18905,3550.333333,18885.66667,3937.666667,20879.33333,3426.333333,20285,12056.33333
AOMORI,816817.6667,28027,7254,15940.33333,3050.666667,2672.666667,1143,5379.333333,5418,2179,568,627,1232.666667,1786,4847,674.3333333,691.3333333,1277.333333,2695.333333,6308,887,1843.333333,620.6666667,1854.666667,3594.666667,928.3333333,3315.333333,1851.666667,10680.66667,2840.333333,569.3333333,931.6666667,393,3305.666667,689.6666667,3737.666667,4015,559,413,12574.66667,1401,1628.666667,2536.333333,1171,476,6632.666667,743,2782.666667,4219.666667,10847.33333,24632.33333,10917.33333,883.6666667,2176.333333,4312.333333,8609,2783,2192.666667,12580.33333,456.6666667,8794,790.6666667,4150.666667,430,7237,2766.333333,2915,1232.666667,2587,2323.666667,2003,1466.666667,7261,750.3333333,1854.333333,305,1874.333333,2479.333333,1192.666667,3492,609.3333333,699.6666667,3525.666667,1999.333333,1381.333333,3044.666667,2611,7483.666667,1648.666667,1908.666667,5370,2469,381,399,1852.333333,1403.333333,1408.333333,2847.333333,5074,2333.333333,4812.333333,624.3333333,2762.666667,1883,1099.333333,682.6666667,5215.333333,1234,424.3333333,1783,9200,3653.333333,554.6666667,735.6666667,1693,813,1287.666667,1048,708,1440.666667,1683.333333,2568,4785,1228.333333,3184,1821.333333,3352,960.6666667,553.6666667,1559.666667,2328.333333,1237,1154.666667,670,585.6666667,1333.333333,1737.666667,1076,1629.333333,2386,1860.666667,1255,5048.666667,10488.66667,920.3333333,620.3333333,7963,456,6405,1857,1492.666667,6322.333333,4632.666667,2295.333333,4921,2013.333333,3614.666667,1098.666667,7189.333333,21014.33333,11204.33333,11598,2491.666667,3763,7286,1233.333333,2477.666667,1567,1481.666667,9781.333333,576.3333333,1834,3077.333333,1345,5674.333333,805.3333333,23656.66667,2974.333333,531,1242,5519.333333,5756.666667,4743.333333,320.6666667,12475,6748.333333,3490.333333,1239.333333,1289.666667,6367.666667,7758.666667,9614.333333,13704.66667,3482.666667,2639.333333,13065.66667,3205,4210.333333,7663.666667,773.3333333,10730.66667,12205,3039.333333,13041,2906.666667,17786.33333,1772.333333,13385,10610.33333
IWATE,888613,27235.66667,7404.333333,17489.33333,3024,3841.666667,1198.333333,5866.333333,3818,1751,788,607.6666667,1632.666667,2248.333333,6567.666667,651.3333333,350.6666667,3092.333333,1967.333333,5278.666667,587,1845.666667,314.6666667,2505,2476.666667,969.3333333,2441.666667,1381.666667,7221,4258,846,757,692.3333333,2037,666,4910,2883.333333,772,855.3333333,11537,1674,1557.666667,2944.333333,1116.666667,712.3333333,4591.333333,810.3333333,2909.666667,4435.333333,9923.666667,24725.33333,10697.66667,1056,1984.333333,5021.333333,6486,2367.333333,2484.333333,16835.66667,615,12443.33333,774,4325.666667,644.6666667,8343.666667,2733.666667,3191.333333,1297.666667,2584.333333,2023.333333,2261,1282.666667,8732.333333,977,2289.666667,1017.333333,2438.333333,2599,1401,3266,652.3333333,656,3629,1975.333333,1489.666667,3461.666667,2085.666667,6458.333333,2008.666667,2025,6595.666667,2981,436,791,2386.333333,2377.666667,1460.666667,3255.666667,7603,3546.666667,5212.666667,729.3333333,2636.333333,1588.666667,1341,737.6666667,6534,1238,421.3333333,1617,10732.33333,4576.333333,738.6666667,689.6666667,2506,1380.666667,1753.666667,1195,1062,1359,1565.666667,3772.333333,4663.333333,1215,3927,2424,3871.333333,791,544,1813.333333,2800.333333,1208.333333,1188.666667,570,542.3333333,1197.666667,1598,1124.666667,1461,2589.333333,1880.666667,1486.666667,5588,11546,859.6666667,609.3333333,10371.66667,581.6666667,7333.333333,2912.333333,1590,7496.333333,6663.666667,3514.666667,3673.333333,2047.333333,4266.666667,1272.666667,7945.333333,21251,12542.33333,11086,3565.666667,3728,8640.333333,2017,2821,1706,1660,8590.666667,740.6666667,1869.333333,2004.666667,1374.666667,6245.666667,1100.666667,26266.33333,3875.333333,627.6666667,1547.333333,5138.666667,6413,3486.666667,386.6666667,8814.666667,4307.666667,3114.666667,1306.333333,1773.666667,6613,8469,7342,16078.66667,2236.333333,3224.666667,12782,3853.333333,5311.666667,8388.333333,1425.666667,14496.33333,9991.333333,3599.333333,11467.33333,2590.666667,44786.33333,3296.333333,19125.33333,8752.333333
MIYAGI,892801,26007,7546.666667,14890.33333,3027,3178.666667,1197,4547.333333,4258.333333,1815.333333,775.6666667,525.6666667,1888.333333,1696.333333,6576.666667,581,279,3433.333333,2226,4945.333333,611.6666667,2001.666667,420.6666667,2260.333333,2174,1201.333333,2703,1244.333333,6417,4665.666667,1022.666667,666,1398,1430.333333,428.6666667,2422.666667,2646.333333,918.6666667,800,7637,1966,1076.666667,13511.33333,1335,800,4057.333333,942,2762.666667,2822.333333,10983,24662.33333,11309,868,2781,6213.666667,6853.333333,2643.333333,2287,15872,453,12026.66667,854,4688,614.3333333,9003.333333,2550.666667,3041.666667,1151.333333,2790,2279,1941.333333,1222.666667,8346.666667,864.3333333,2358.666667,989,2184.333333,2471.333333,1244.666667,3058.666667,896,860.3333333,3460.333333,2475.333333,1521.666667,3610.666667,2137.333333,7538,1932,1555.333333,6119,3179.666667,518,570.3333333,2730,2189.333333,1208.666667,3358.666667,6098.666667,3132.666667,5003,781,2469.666667,1132.666667,1124,800.3333333,6562,1039.666667,784,1559.333333,4625.666667,5409.333333,751.6666667,652.3333333,2417.666667,2752.666667,1738.666667,1332,1327,1239.666667,1202.333333,3567.666667,4042.333333,1134.333333,5258.333333,2240.666667,3059.666667,704,466.3333333,1964.666667,2854.666667,1127.666667,1230,610.6666667,577.6666667,1171,1957,1409,1394,2861.333333,1899.333333,1297,4389.666667,10360,938.6666667,939.3333333,13400,926,6836.333333,2383.666667,1814.666667,9561.333333,5248,3901.333333,4754.666667,1974,4735.333333,1543.666667,7209.666667,19624.33333,13953,11005.66667,3967.666667,4582,9277.666667,2008,3618,2236.333333,1926.333333,9861,884.6666667,1822.333333,1947.333333,1148.333333,4278,2903.666667,26215.66667,5195,1033,1449.666667,5886.666667,6406,3040.333333,428.6666667,9311.666667,4698.333333,3867.666667,1262.666667,2791,6631,7797.666667,6075.666667,13297.33333,1940.333333,4444,10177.33333,3038.666667,8431.333333,8786.666667,3044,14316.33333,15517.33333,4553.666667,15398,4190,35658,3947.666667,17128.66667,9910.666667
AKITA,866461,24021.66667,5766.333333,17233.66667,3293.666667,6833.666667,1038,5091,4390.333333,1737.666667,548,675,1406,1706,4953.333333,791.3333333,566.3333333,1319,2538.666667,4746.666667,851,1775,939.6666667,2377,2704.666667,790,3100.333333,1359.333333,10278.33333,3801,609.6666667,935.6666667,517,1543.333333,588.6666667,4871.333333,3933,773,507.3333333,9632.666667,1408.333333,1108.333333,2862,1280,659,4933.333333,1930,2342.333333,3270,10000.33333,25407.33333,11767.33333,947.3333333,1729.666667,4950.333333,6925.666667,2825.666667,2397.333333,13616,726.3333333,9174.666667,774,3942,424.3333333,7358,2783.666667,3469.333333,1134.666667,2840.333333,2161.333333,2161.666667,1194.666667,9840.333333,924.6666667,2229,692.6666667,2063,2310.333333,1229.333333,2985.333333,593.3333333,694.6666667,3634.333333,3650.666667,1382.666667,3052.666667,2497.666667,7281.666667,1696,2201.333333,6295.333333,3613.666667,522.6666667,293.6666667,2201.333333,1501.666667,1068.333333,3394.666667,5405.333333,2247.666667,4436.333333,364.3333333,1929.333333,1484.666667,1609,346.6666667,5940.666667,849.3333333,779.6666667,1662.666667,7816.666667,4866.666667,789.6666667,714,2083.333333,1887,1873.666667,945,1256.333333,1595.666667,2284.333333,3495.666667,4592.666667,1159,4035,2120.666667,3388.333333,825,494.6666667,1874,2976.333333,1456.333333,1161,606.3333333,504.6666667,1130.333333,1777.333333,946.6666667,1495.666667,2452.666667,1725.666667,1576,5012.333333,10751.33333,752.6666667,976.3333333,8675.666667,685,6845.666667,1846,1594.333333,6951.333333,4378.333333,3297,3816.666667,1905,4554.333333,1411.666667,7358.333333,23576,11948.66667,9412.333333,3040.333333,3781.333333,7823,1536,3334.333333,1498.333333,1366.666667,7816,573.3333333,1596,2273.333333,990.3333333,5253.666667,2939.666667,27749,4664,734.6666667,1394.666667,5409.333333,5741,3779,308,8191.333333,4761,3036.333333,1206,1963.666667,6516.333333,9981.666667,8740.333333,13889,2166.333333,3454.666667,11562,3051.666667,4963.333333,8722,1821.666667,13766.66667,12436,2800.333333,10908.33333,3979.666667,40114.33333,3345,21025.33333,14846.66667
YAMAGATA,897011.6667,30400,6472.333333,15129.33333,4297.333333,3451.333333,1218,4995,4583.666667,1871.333333,733.6666667,648.3333333,2042.333333,1583.666667,5613.666667,574.6666667,208,2303,1458,4907.666667,456,1534.666667,375.3333333,2291.333333,2517,1195.666667,2320,1011.666667,5737.333333,4242.666667,800,270.3333333,677,1303.666667,350,3174.666667,3691.666667,676.6666667,626,9791,1920.666667,1389.333333,3954.666667,1585,720,4194.333333,1400.666667,2651.333333,3615.666667,19530.66667,24597.33333,10669.66667,1298,2131.666667,5349,7878,2823.666667,3177,16151,483.6666667,10455,720,4596,599.3333333,8325,2736.666667,2937.666667,906.3333333,2919,1951,1827.666667,1269,10099.33333,682.6666667,2127,1985.333333,1769.666667,2124.333333,1306.333333,2731.666667,614,1263,3032.333333,2009.666667,1264.666667,3981.333333,2581,5781.333333,1664,1489.666667,6198.333333,2697.666667,548,284.6666667,2046.333333,1544.666667,1373.333333,3399.333333,6023.666667,3388.666667,5288.666667,556.6666667,4007.333333,1007.666667,1090.666667,429,7185.666667,1400.333333,438,1488.333333,5503.666667,4196.666667,599.3333333,797,2256,3484.333333,2110.666667,959.3333333,1198.666667,1113.666667,884.3333333,3050.666667,4168,791.3333333,10800,2232.333333,3626,723.6666667,656.6666667,3643.333333,2890,1300.666667,918.6666667,663.3333333,535,1371.333333,1842,1059.666667,1502.333333,2372.333333,1610,1696.666667,3994.666667,10766,1021.333333,875,11128,527.3333333,8163.333333,2033,1564.333333,9743.333333,6787.333333,3723.333333,4472.333333,2396,5249.333333,1558.666667,7964,17339.33333,11164.66667,9347.333333,3959.666667,4249.666667,9446.333333,1415.333333,3691,1967,1574.666667,10917.33333,802.6666667,1893.666667,2196.333333,1146,7267.333333,4738,25338.33333,3744.666667,832,1055.666667,5337.333333,5161.333333,3601.666667,419,8725.666667,5384.666667,3698.666667,1521.666667,1771.333333,6756.666667,6811.666667,7655.333333,11904,2082.333333,3343.333333,12669,2644.666667,7274.333333,12076.66667,2154,15219.66667,16849.66667,4296.666667,19548.66667,3635,22655,2913.333333,22651,14434
FUKUSHIMA,794556.6667,24996.33333,5628,14777.66667,2835,2706.333333,957.3333333,3604.666667,3881.333333,1511.666667,664.6666667,574.6666667,1569.333333,1690,5511,489,252,2961,1203,4655.333333,520.6666667,1307.666667,304,1657.333333,1940,826,2204,912.6666667,4326,4665,699.3333333,656.6666667,681,985.3333333,256,2741.666667,2768.333333,953,524.3333333,6578,1926,1052,3417.333333,1244,591.6666667,3494.666667,1078.333333,2571,2762.333333,7612.333333,23395.33333,8959,621,1204.333333,5585.666667,6494.333333,2378.666667,1688.666667,11971.33333,766.3333333,10515,634,3941.333333,474.6666667,8843,2433,2160.333333,1055.333333,2286.333333,1856.666667,1634,1028.666667,6828,799,2042.333333,987.6666667,1801.666667,2507,1143.333333,2606.333333,588,573,2697,1862.666667,1229,3575,2018,5829.666667,1437,1415.666667,4978.333333,2587,410.3333333,224.3333333,1948.333333,1386.333333,1101.666667,2655.333333,5059,2414,5116.333333,869.6666667,2095.333333,1388,1247.333333,681.3333333,5662.666667,1386.333333,577.6666667,1661.333333,5208.333333,4464.333333,408.6666667,479.3333333,1658.666667,2152,1425,955,4167.666667,825.3333333,626.3333333,2436.333333,3652.333333,927.6666667,3314,1894,3376.666667,608,501,1702.666667,2314.666667,1017,1090,488.3333333,431.3333333,1177,1750.333333,1051,1266.666667,2386,1531.333333,1551.666667,3805.333333,9510.666667,935.3333333,1693.666667,8545.333333,503,6378,1577.333333,1283,6033.333333,6076.666667,3535.666667,3787,1829.333333,4505.333333,1274.666667,7118.333333,22558,14443.66667,9525.333333,4176.666667,4160.333333,8234.666667,1181.333333,3892.666667,1860,1627.333333,8485,783.3333333,1554.333333,1988.333333,1057,6756.666667,6902.666667,25495.66667,3371.333333,427.3333333,1135.666667,5687.333333,5238.333333,3532.666667,383.6666667,8110.333333,4423.666667,4059.333333,1335.333333,4662.666667,6831,6901.666667,5858.666667,9384.666667,1691.666667,2533,9561,2481,5521,10717.33333,2726.333333,13566.33333,20241.66667,2610,15792.66667,3018.333333,19489,2877.666667,19883,15546.66667
IBARAKI,866247.6667,22826.66667,7587.333333,18501.33333,3197,2527,1236,4307.333333,3527.333333,1534.666667,663.3333333,660.3333333,1826.333333,2087,6157.666667,770.6666667,331,3586.333333,943.3333333,4382,509.6666667,1379.666667,463.6666667,2089.666667,1703.666667,1260.333333,2160,995.6666667,4866,5229,712.3333333,921.3333333,592,959,324.6666667,2473.333333,3170,1575,891,6657.333333,1647.666667,897.3333333,2403.666667,1342,667,3549,1506.666667,2482,2546.333333,10388.33333,23316,10462.66667,1188.333333,978.3333333,6304.666667,6794.666667,2356.666667,2075,14884,1223.666667,12741,854.6666667,4319.666667,499,7922.333333,2303.666667,1900,927.3333333,2364.666667,2336,1704,852.6666667,5371,760,2088.666667,811.6666667,1840,2262.666667,871.6666667,2853.333333,1016.333333,388.6666667,3014,1766.333333,1485.666667,3311.333333,1589.333333,6256.333333,1776.333333,1605,4954.666667,3027.333333,400.3333333,289.6666667,3218,1556,805,2507.666667,5022.666667,2719.333333,5432,668,1946.333333,1313,875.3333333,590,5511.666667,1233.333333,841.6666667,1588.666667,4323.333333,5231.666667,705.6666667,749.6666667,2675.666667,2385,2098.666667,1099,1388.333333,1284,4436,3369.666667,4157,1040.333333,3244.666667,1797.666667,3806,663.6666667,386.3333333,1840.333333,2132.666667,1118,980.3333333,519.3333333,554.6666667,1171.333333,2002,1384,1359.666667,2878.666667,1867.666667,1442.666667,3650.666667,10399.33333,1046.333333,1120.333333,10856.66667,934.6666667,8092.666667,2343,1994.333333,7322.333333,7489.333333,4602.333333,4116,2126.666667,4586.333333,1270,7757,22766.66667,15684.33333,10780,4227.333333,4626,10768.33333,2267,3895.666667,1790.666667,1778.666667,8938.333333,1114.333333,2048.666667,2376,1304,6690.333333,1191.666667,24836.66667,5229.666667,1009.666667,1204,7334.666667,5713.666667,3543.333333,490,9755.333333,4460.666667,3609.333333,1608,3950.333333,7494.333333,7811.666667,4720.333333,10444,1215.666667,2591.666667,7668.333333,2936.333333,6197.333333,6222.666667,3483.666667,10642,25891,5060,26630,4643.666667,35100.66667,3768.333333,16579,13455.33333
TOCHIGI,891206.6667,23423.33333,8036.666667,17747.33333,3321.333333,3270.333333,1261.333333,4268.333333,3834.666667,1647.666667,695.6666667,639.3333333,1810.333333,2300.333333,6892.333333,731.3333333,341,1701.666667,677.3333333,4101.666667,781.6666667,1188.333333,418.6666667,2056,1852,952,2197,1039,4101.333333,4468,925,516,734.6666667,1038,260.3333333,1728.333333,2883.666667,1552.333333,880.3333333,7106.333333,2132.333333,1039.333333,2568,1437,720,3990.666667,1133.333333,2936.333333,2775,11138.66667,22332,10580.33333,1403.666667,1364,5140.666667,6697.333333,2654,2150.333333,13914.33333,1385.333333,10657.33333,654.6666667,4700.333333,568.3333333,7526.333333,2650.333333,1938.333333,1062,2213.333333,2387.333333,1640.666667,1039.333333,6052.333333,847.3333333,2157,835.6666667,2058,2407,1114.666667,2904.333333,782.3333333,576.3333333,3136,1637.666667,1411.333333,3573,1873.333333,6969.666667,1617.333333,1592.666667,4794.666667,2757.333333,348,158.3333333,2684.333333,1459.333333,845.3333333,2712.666667,5397,2531.666667,4416.333333,1534.666667,1826.666667,1695,1054.666667,627,6822.333333,1328,539.6666667,1558,4178.333333,4991.666667,835.3333333,754,2125.666667,2428.333333,2044.666667,814.6666667,979,1383.666667,948,4446,4082.333333,1015,3590.666667,1963,3150,778.3333333,443.6666667,1691,1836,1090.333333,988.3333333,617.6666667,534.6666667,1121.333333,2203,1090.333333,1308.333333,2802.333333,1722.666667,1455.666667,4489,10318.33333,1289,1613.333333,10280.33333,871.3333333,7954.666667,2478.666667,1712.333333,8612.666667,8616.666667,4574.333333,4801.666667,2059,5473.666667,1512.333333,9023.333333,16438,14736.66667,11690.66667,4300.666667,5963.333333,11256.33333,2346,4578.666667,1958.666667,1939,10481.33333,1041.333333,4340.666667,2312.666667,1300.333333,6508.333333,3077,22674.33333,5083.333333,1094.666667,1555.333333,8520.666667,5071,4482.666667,393,9246.666667,5423.666667,3573,1668.666667,4126.666667,7821,6262,7319.333333,10165.33333,1556,2740.666667,8838.333333,2935.333333,8088.333333,9643,3439.333333,18164.33333,25916.66667,6238.666667,30840.66667,5767,31373,4446.333333,17697,15128.66667
GUNMA,867077,31688,7083.666667,19795.66667,4901.666667,3340,1301.333333,4486.666667,3558,1621.333333,601.6666667,767.3333333,1631.666667,1983,7880.666667,942,387,988.3333333,570.3333333,5063.333333,764,1122.666667,314.6666667,1711.666667,1844,823,2112.333333,1037.333333,5024.666667,5833.666667,1071,387.3333333,685,978.6666667,276.6666667,2348,3727.333333,1284.333333,1063,6328.333333,1714.333333,1398.666667,2277,1308.333333,844.6666667,4151.333333,1328.333333,2828.333333,2979,8753,21711.66667,8953,1167.666667,1201.333333,5167.666667,6944,2269.333333,2303,13801.33333,448.3333333,11995.33333,877.3333333,4291.666667,641.3333333,7168.666667,2291,1626,811.3333333,2213.666667,2113.333333,1391.666667,811.3333333,5146,923.6666667,2136.333333,828.3333333,1593.333333,2306.333333,959.6666667,2479.333333,710.3333333,505.3333333,3046.333333,1972.333333,1489.333333,4007,1421.333333,8358,1511,1884.333333,4896.333333,3148.666667,634,261.3333333,2155.666667,1237,761,2812.666667,5475.333333,2742,5035.333333,549.3333333,1769.666667,1294.333333,1062,539.6666667,6699.333333,1309.333333,597,1617.666667,6145.666667,4748.666667,1088.333333,585.3333333,2337.333333,2711,1640.333333,585.3333333,937.6666667,1165,858.3333333,4038,4218.666667,1246,3803.666667,2120,2855,778.3333333,519.3333333,1614.333333,1997.666667,1128.333333,1094.666667,544.6666667,574,1129,2272.666667,1314.333333,1475.333333,3164.666667,1986,1417,4356.333333,10621.66667,604,1826.666667,7166.333333,815.6666667,7092,1732,1512.333333,6488.666667,6366.666667,2842,3500.666667,2232.333333,4469.333333,1035.666667,7697.333333,22974.66667,18237,13573,4049.666667,4751.666667,11459,2059,3913.333333,1753.333333,1835,9978.333333,1273,2328.666667,2271,1251,5469.666667,2171.666667,26831,5542.666667,726.6666667,1293.333333,6939.333333,4743.333333,3047.666667,419.6666667,8663,4889.333333,6111,1202.333333,3172,8505,6214,5595,9543.666667,1726.666667,2801,8132,2296,7541,6685.666667,2988,12264,17865.66667,5273.333333,20383.66667,5316.333333,48487.66667,3001.666667,15831.66667,10253.33333
SAITAMA,961783,26600,9250.666667,22329,3946.666667,3275.333333,1426.333333,4413.666667,3214,1688.666667,882.6666667,795,2141.333333,2657.333333,7146.666667,1284.666667,368.3333333,1428,851.3333333,4957.333333,963,1170.666667,722,2674.666667,1796,1251.666667,2330,1176.333333,6373.666667,5355,1214,624,877.3333333,1056.666667,346.6666667,1756.666667,2742.333333,1680,1587,6213.333333,1907,1211.333333,2484.333333,1480.333333,841,3496.666667,1196.666667,2421,2573.333333,17232.33333,27418.33333,13647.66667,1874.666667,1416,6342.333333,7194.333333,2525,1743.333333,16779,787.6666667,11315.33333,1132,5529.666667,694,8454.333333,2751,2513.333333,1196.666667,3204,2835.666667,2115.333333,1065,7668.333333,950.3333333,2703,1129.333333,2081,2866.333333,1127.666667,3365.333333,1068.666667,869,3523.666667,2681,1775.333333,3894,1990,8934.333333,2187,1910.666667,5443,4498.333333,666,409.3333333,2379,1550.666667,902.3333333,3005.333333,6190,3371,4176,684,1910,1648.333333,982,562.3333333,6293.666667,1173.666667,491,1820.333333,4634,4755,663.3333333,794.3333333,2411,1775.333333,1980,801,1043,1284.666667,823,3987.333333,4084.333333,1280,5196.333333,2509.666667,3465,904,466.6666667,1696.666667,2399.333333,1034,1270.666667,651.3333333,585,1236,2343,1654.666667,1467,2936,2064,1259.666667,4289.666667,12031.66667,912.6666667,997.6666667,9114.333333,1121.666667,7482.666667,2405.333333,1475.666667,7405.333333,7071,3476.666667,3605,2058.666667,4818.666667,1169,7513,22678.66667,13817.33333,11542,4089.666667,4949.666667,11704.66667,2517.333333,4161,1734,1880,8239,1251.333333,2174.666667,2330.333333,950.3333333,6230.333333,4831.666667,29182,5325,1082.666667,1288.666667,7539.333333,6028.666667,4203,489,8881.333333,4715.333333,3676,1206.333333,5623.333333,7699.333333,6512.333333,5319,13246,2271.333333,3340.333333,8368,3263,6663,5834,2543.333333,13655.33333,22071.66667,5374.666667,21745,4672,72053.33333,5638.666667,18018.33333,11937.33333
CHIBA,919196.3333,26374.33333,9105.333333,20801.33333,3184,2813.333333,1351.666667,4256,3234.666667,1592.333333,806.6666667,694.3333333,2009,2249.333333,7806,1529,699.6666667,1925,1151.333333,4664.333333,934.6666667,1301,599,3064.666667,2084.666667,1207.666667,2867,1789.666667,6603.666667,5409.666667,1243.333333,451.6666667,973,1352.666667,513,2246.333333,2775.333333,1868.333333,1580,7907.666667,2229,1289,3025.666667,1701,1071.666667,4043.666667,1904,2966,2854,14216,24722.66667,12540,1647.333333,1259.666667,5980,6593,2488.333333,1515.333333,15774,540,11752.33333,979.3333333,4870,641.6666667,8192,2759.666667,2407,1187.333333,3017.666667,2681,2039.333333,1002.333333,7104,1168,2891,1000,2132.333333,2485.333333,1123,3285,1192.333333,912,3898.333333,3287,1676,3819,2196.333333,9160.666667,2075.666667,1967.333333,5034.333333,4616.666667,561.3333333,621.6666667,4275.666667,1520.333333,1085.666667,3116.666667,6036.333333,3393,4086.333333,690,1881,1585.666667,1208.666667,568.6666667,6569.666667,1398,589.6666667,1821.333333,4802,5152.666667,968.6666667,945.3333333,2570.666667,3085.333333,2156.666667,1752.666667,1555,1807,1247.666667,3419.666667,4593,1280.666667,4545.666667,2937.333333,3428.333333,922,526.3333333,1456.333333,2334.333333,1204.333333,1071.333333,697.6666667,520.6666667,1255,2044.666667,1491.333333,1340.666667,2756.666667,1972.666667,1341,3922.666667,11460,1077.666667,798.6666667,8592,1219,6181,2318.666667,1656,6702,7013.666667,3637.333333,3514.333333,2214,4677.666667,1093,7731.333333,21690.66667,14393,11435,3827,4321.333333,10541,2835,3656,1832.666667,1647.333333,8625.333333,1198.666667,2114,2686.333333,1039,7602.666667,1523,27121.33333,6465.666667,983.3333333,1608.666667,7658,5650.333333,3150,381.6666667,8495,4038,4930.666667,1252,4813.666667,8162,5709,5729.666667,10692,2153.333333,3783.333333,7465.666667,2912.333333,5285.333333,5713.666667,2665.666667,15392.33333,15627.33333,5523.333333,14057,3926.666667,60927.33333,4737.666667,15793.66667,9480.666667
TOKYO,1034854.667,25589,9282,21901.66667,3246.666667,2374.333333,1546.666667,4522.666667,2846,1676.333333,997,646,2144.333333,2549.333333,8131.666667,1299,427,1512.666667,985.3333333,4351,785,1087,929,3122.333333,2013,1415,2805,1456.333333,7079.666667,5412.333333,1303.666667,567.6666667,1082.666667,1313.333333,538,1936.333333,2805.333333,1818,1410,7324.333333,2163,1220.666667,2661.666667,1755,911,4073.666667,1576.666667,2492,2786.666667,20677,26123.33333,13739.33333,2013,1550.333333,6116,6853.666667,2664.666667,1944.333333,15491.33333,706.3333333,11117.33333,1217,5929.666667,696.3333333,8121.666667,2827,2474.666667,1284.666667,3677.666667,2934.666667,2239,1111.333333,8756.333333,923,2916,1123,2189,2656,1110,3387,1110.666667,1078,3917.333333,3621,1790.666667,4163.333333,2358.666667,9471.666667,2292,1931,5278.333333,4854,514.6666667,528.6666667,3161.333333,1441.333333,972.6666667,3001.666667,6018.333333,3123,3658.666667,701,1977.333333,1817.666667,1127.666667,733,6842.333333,1139.333333,748,1976.666667,4357.333333,4915.333333,802,788,2659,1826,2061,1171.666667,1422.333333,1596.666667,1171.666667,4105.666667,3868.666667,1452.333333,5607.333333,2820,3311.333333,844,496.6666667,1569,2413.666667,1040.333333,1251,673.3333333,607,1121,2132.333333,1626,1453.666667,2969.333333,2162.666667,1249.666667,3981.666667,12178.66667,997,716.6666667,9378.333333,1009,8206.666667,2036,1535.666667,8122.333333,6283.333333,4065.333333,3519,2117,5069.666667,1063.666667,8449.333333,22259,18048,11961.66667,4614.666667,5708.666667,12499.33333,3089.333333,5188,1879.666667,2012.333333,9221,1533,2364.666667,2580.666667,1062.333333,5477.666667,1865.666667,32302.33333,5425.666667,1206,1551.333333,7690,5481.666667,3786,393.6666667,9025.666667,4866,2823.666667,1152,6308,6746.333333,5424.333333,5708.666667,12980.66667,1958.666667,7291,8855,3643.333333,5500,5090.666667,2380.666667,15230,18124.66667,5360,18438,4967,117705.3333,8548,26580.33333,8874.333333
KANAGAWA,974786.3333,29770,10067.33333,20997,3465,2593,1484.666667,4685.666667,3502,1792.666667,1065.666667,786.6666667,2305,3102.333333,7825.333333,1361.666667,473,1360.666667,884,4437,983.6666667,1169.666667,750,3253.666667,2006.666667,1350,3311.666667,1845,6438.333333,5677.333333,1230.333333,435.6666667,1067.666667,1357.666667,447.6666667,1906.333333,2854,1904,1492,6950,2687.666667,1406.333333,2729.666667,1783.333333,1119.666667,3682.333333,1518.333333,2641,2668,20103.66667,28745,13921,2175,1480,7004.666667,7625.666667,2940.333333,1640.666667,15687,782.6666667,10417,1215.333333,5566,843.6666667,8960.666667,2869,2402.333333,1236,3666,3146,2391.333333,1165.333333,8197,932.3333333,2997.666667,1061.666667,2174.666667,2875,1216.333333,3610.666667,1180,1113,3843.666667,3221.666667,1918.333333,4323.666667,2478.333333,9176,2306.666667,1918.333333,5307.666667,4129.666667,565.6666667,514.3333333,2781,1366.333333,877.6666667,3024,5720.333333,2915.333333,3555.333333,579,2119,1640.666667,1066,634.3333333,6183.666667,1273.333333,659.6666667,1900.666667,4366.666667,4295.333333,815.6666667,799.6666667,2554,1969.666667,2485,1179,1583,1527.333333,1245.333333,3766.333333,4128.333333,1449,5146.333333,2990.666667,3348.333333,1001.666667,497.3333333,1691.666667,2347.666667,1260,1044,746,687,1195.666667,2306,1810,1579.333333,2950.666667,2168,1418,4047.333333,12093,937.6666667,742,9971.666667,1063.666667,7723.333333,2326.333333,1504.333333,7704.333333,5870,4330,3685.333333,2329.666667,4551.333333,1186.666667,7979.333333,24524.33333,15822,10803.66667,4007.333333,6106.666667,11787,2804,3829.333333,2198,1726.333333,9160,2672,2015.666667,2457,1039.333333,5629.666667,1820,30573,5394,1435.666667,1430.333333,6789.333333,5954,3382.333333,349,10081.33333,4723.333333,2426.333333,1239.666667,3669.666667,6835,6034.666667,5163,10132.66667,1726.666667,5275.666667,8312.666667,3005,4402.666667,4335.666667,2086.666667,13389,21366.33333,5501,19856.33333,4714.666667,76087.33333,6702.333333,15878.33333,7762.666667
NIGATA,895311,34121.33333,9070,20042.33333,2566,3116.666667,1178.666667,4051,4311.333333,2074.666667,617.6666667,653,2206.666667,1797,3118,1016,580.6666667,960.6666667,2287.666667,5237.333333,722.6666667,1182,554.6666667,3612.666667,2720.666667,1052.333333,2909,1983,6209,4512.666667,921.3333333,617.3333333,813.6666667,1377.666667,474.6666667,4541.333333,3654.666667,811,721.6666667,9392.666667,1754.333333,1113,2609.333333,1156,710,5166,725.3333333,4018,2902.333333,7406.666667,27441.66667,10016.33333,948.3333333,1023,5584.333333,6817.666667,2629.333333,1938.666667,14833,1114.333333,12349,669.3333333,4771,510,7912,2700,2468.333333,1159,2710.333333,2361.666667,1985.666667,1048,7927.333333,966,3020.333333,1610.333333,2068.333333,2846.666667,1058.333333,3118,1468.666667,1092,3470,6391.666667,1534,3825.333333,2491.666667,8994.666667,1908,1696.666667,5974,3338.666667,658,656.3333333,2035,1177.666667,867.6666667,3456,5102,3640.333333,4081.666667,535.3333333,2494.333333,776.3333333,1063,579.3333333,5652.666667,1546.666667,559.3333333,1965.666667,4648.666667,5116.666667,834,657.6666667,2118,4228.333333,1983.666667,764.6666667,1462,2246,1251,3787.666667,4360,1117,3430.666667,1652,3641,935,592,1750.666667,2645.666667,1349.666667,991,567,551,1426,1819,1170,1726.333333,2400.333333,2010.666667,1607.666667,4355,11034.66667,718,1306,9512.333333,575.3333333,7123,2041.666667,1766.666667,7035.666667,5410.333333,3256.666667,4050.333333,2084.666667,4822,1175,7797.666667,19736,12651.33333,10007.66667,4532.666667,5880.333333,8941.333333,1547,4634.333333,2230.666667,2266,13100,858,1978.666667,2343,1041.666667,6279.666667,3799.333333,28010.33333,4747.333333,772.6666667,1496,5563.666667,5524.333333,4769.333333,346.6666667,7897.333333,4277.333333,3813.666667,1400,2571,6479.333333,11706.33333,6429.666667,12849.33333,1409,3089,14358,2889.333333,3861.666667,8584.333333,2032,12539.33333,13802.33333,3092.333333,9673.333333,3448.666667,41581.33333,3026,21041,11500.66667
TOYAMA,915378.3333,28198,8847.666667,20927,3111.333333,3598.333333,1054,4030.666667,3863,1938,459.3333333,557,2448,1906.333333,4036.333333,2075.333333,575.3333333,687,1427,3499,1084.333333,959.6666667,660.6666667,8959.333333,3915,896,3515,1921,8628.666667,7079.333333,750.3333333,477,525.6666667,719,597.3333333,3307.666667,2729.666667,921,754.6666667,7374,1924,1028.666667,5586.666667,1343,479.3333333,6719.666667,838,1618.333333,2649,17095,22973,9600,2296.333333,1446,6503.666667,7248.333333,2585.333333,1787,15553,473.6666667,10268.33333,712.3333333,4280.666667,509.6666667,6652,2779.333333,2447.666667,1269.333333,2723,2175.666667,1818.666667,1118.666667,7188.333333,1105.666667,2860,1237,1797.333333,2434.666667,1135.666667,3111.666667,981.3333333,1159.666667,3312.666667,1915.333333,1496.333333,3321,2305.333333,7805.666667,1659,2440,5726,2421.333333,483,476.3333333,1810.666667,994.6666667,2204.666667,2872,4824.666667,3741.333333,4058,648.3333333,1977.333333,1008.666667,1399.666667,828.3333333,5455.666667,1762.666667,440.3333333,1539.333333,4943.333333,4950,552.3333333,1199.666667,2323,4112.333333,2022,930.3333333,825.3333333,1505.333333,1009.666667,3847,4608,1267.333333,4385,2145.666667,2322.666667,863.6666667,471.3333333,1611.333333,2219.333333,982.3333333,1011.666667,686,432.3333333,1034.666667,1771,1144,1465,2722.333333,1742.666667,1740.666667,4408.333333,10270,771,1315.333333,9775.333333,1063.666667,7300,2299.333333,1719,7631.666667,6713,3521.666667,4472.333333,2033.666667,5409,1371.666667,9064.333333,18462.66667,11165.33333,13551.33333,3483.333333,5233.333333,9554,2230.666667,4196.333333,2131,2504,11596.66667,739.3333333,1914.333333,1788.333333,714,7748.666667,6603.333333,29162.33333,2987,484,1260,6569.666667,5586.666667,4524.666667,458,9420.333333,4630.666667,2845.666667,1646.333333,2370.333333,6296.666667,7370.666667,5935.333333,12251.66667,1594,2471.333333,10339,3752.333333,5431.333333,7979,2058.333333,15259,26251.33333,5254,20130.66667,4504,37367.66667,3983.333333,18206.33333,13935.66667
ISHIKAWA,954502.3333,27928.33333,9834.666667,21884,3507.333333,2823,1167.666667,4524.333333,3392,1900,542,675.3333333,2857.333333,2291,3150.333333,1781,1030.666667,628.3333333,2633.666667,3691,1118.666667,984.6666667,1134.666667,7021.333333,3151,1206.333333,3440,4336,10084.66667,4872,1006.666667,456,748.6666667,673.6666667,631.6666667,1821.333333,2565.666667,1025.333333,657.3333333,6614.333333,1727.333333,1458.666667,2952.333333,1428,486.3333333,4501.333333,1128.666667,1861.666667,2526.333333,18277.66667,23582.66667,11186.33333,2473,2044,5703.333333,7505.333333,2553.666667,2193,15990.33333,329.3333333,10573.66667,870.6666667,4866.333333,613,8148,2519.666667,2156.666667,1420,2819.666667,2053.666667,2059.666667,1125,7298.333333,1270.333333,2539,799.3333333,2008.666667,2478.666667,927.3333333,2823.666667,1738.333333,913.3333333,3168.666667,2123.666667,1448,3320.333333,2007,7725.333333,1721.333333,2203.666667,5483,2442.666667,579.3333333,335.3333333,2397.666667,1027.666667,1476.333333,3575,5212.666667,4554.666667,3471,709.3333333,1966.333333,903.6666667,1378.333333,621,6119.333333,1567.666667,654.6666667,1515.333333,4132,5254.333333,506,799.3333333,2166.666667,2234.333333,2592,904.3333333,974.6666667,1549,1079.666667,3044,4681.666667,1289.666667,4561,2454,3040,1012,548.3333333,1719.666667,2117.333333,1286,1056.333333,607.6666667,587.3333333,1116.333333,1973.333333,1195.333333,1659.666667,2532.333333,2291.333333,2070,4556.666667,12648,683.6666667,2011.333333,14993.33333,1569,8194.666667,2246.666667,1771.666667,8796,6368.666667,3999,6393.333333,2430,6316.666667,1841,9857.333333,18141.66667,10000,14663.33333,4472.666667,5498.333333,10763.66667,3311,3878.333333,2307.333333,1862,10026.66667,686,2171.333333,2194.333333,815.6666667,7572,5049.666667,30656.66667,3457,655.6666667,1374.333333,5376.333333,6654,4590,528.6666667,8852,4332.333333,4272,1617.666667,2482,7159.666667,7936.666667,5081.333333,12066.66667,1532,3292,8156,2929.666667,6290,6222.333333,1323,17746.66667,23195.33333,4288.666667,21180,5387.666667,48278.33333,5485,20913.33333,18631.66667
FUKUI,879161,28656.66667,7975.333333,23073.33333,3690.333333,2065.666667,1159,4040,3410,1902,316,458,2465.666667,1855.666667,2488,895,394.6666667,825.3333333,1759,3495,926,719.6666667,459.6666667,4766.666667,2773.333333,1420.666667,2464,4164.666667,6355,5941.333333,1005.333333,436.6666667,421,550,388,1308.333333,2414.333333,1041.666667,595.3333333,7309.666667,1811.666667,1685,2965,2002,569,2972,986.3333333,1933,2913,21211,22682.33333,12745.66667,2719.666667,2388.333333,6535.333333,8643.666667,2400,2328.666667,14944.66667,1129,9115.333333,649.6666667,3587.333333,453.6666667,8590,2389,2656.666667,1126,2387.666667,1916.666667,1479.333333,1062.333333,5547,963.3333333,2827,1448.333333,1631.666667,2299.333333,741.3333333,2918,626,770.3333333,2903.333333,1434,1024,3113,1578,7384.333333,1409.333333,1895.333333,5011.333333,2253.666667,531.3333333,337.6666667,1944.666667,1382,1493,2502.333333,5254,5788,3412.666667,578.6666667,2124,866.6666667,1112.666667,419.3333333,5823,1949.666667,655.6666667,1154.666667,3660.333333,5149.666667,345,723.6666667,2270.666667,1617.333333,1844.666667,802,563.6666667,1335.666667,1032.333333,3284.666667,3917,860.6666667,4043,1675.333333,2562,996,592,1639,2167.333333,1059.666667,879.6666667,650,617.3333333,1282.666667,1703.333333,869,1556,2126.666667,1851,2466,4010.666667,10318.66667,1152.666667,619,9178,762.6666667,6930.666667,2505,1534,6081.666667,6708.666667,3027.333333,4874.666667,2074,4831,1721,8987.666667,21740,8026.666667,12506,3670.333333,3851,9555,1325,4188,2750.333333,3557,14962,843,2413.666667,3842,1404.333333,7190.666667,4223.666667,36847.66667,2708.333333,391.6666667,1374,4686.333333,4904.666667,6274.333333,467.3333333,8606.333333,4084.666667,2270.333333,1384.333333,2259,5391,6330,4080.666667,13165,779.3333333,1478,9519.666667,2788.666667,7119.666667,7376,1313,16350.33333,24895.66667,3558,17364,5305,27390,3991.333333,15972,18750.33333
YAMANASHI,886070.3333,33854.66667,7652.333333,16834.66667,4499.333333,2458.333333,1251.666667,4565,3275.666667,1531.333333,796,549.6666667,1614.666667,2241.333333,10627,1103,392.3333333,855.3333333,782,4999,1054.333333,1242.666667,462.6666667,1856.333333,2610.666667,1093.666667,2800.666667,1266.333333,4145.666667,3886,1536.333333,899.6666667,802.6666667,1428,500.6666667,2205,2661.333333,2370.666667,1947.666667,7829,1889.333333,1849.333333,2492,1279,1038.333333,5447,1677,2687,3427.333333,12454.33333,27409.66667,11503.33333,1202,2131.666667,5342,7361.333333,2380,1507.333333,14424.33333,1036,11288.66667,824.6666667,4641.666667,567,8446.666667,2571,2305.333333,1203.666667,2425.666667,2641,2016,1051.333333,6717.666667,900,2383.666667,1140.333333,2040.666667,2532.666667,1307.666667,2819,1218.666667,704.6666667,3374.333333,1976.666667,1717.666667,4113.666667,1536.333333,7573.666667,1685,1909,5848,2988.666667,829.6666667,337.3333333,2215.333333,1635.333333,952,3041,4988.666667,2498.333333,4090.666667,850.6666667,1973.666667,990.3333333,879.6666667,605,5466.666667,1186,507,1662.666667,4156.666667,5133.666667,454.3333333,857.3333333,2888,1088.333333,5048,828.6666667,4109.666667,988,609.6666667,3103.333333,4079.666667,1173.666667,3524.333333,2559.333333,3435,762.3333333,550,1847.666667,2366.666667,1154.666667,1082.666667,707.3333333,542,1229,2155.333333,1075,1506,2434,2020.333333,1550,4362.666667,10871,695,1195,8569,916,6809.666667,2170.333333,1756.666667,6763.333333,3686,3247.333333,4866.333333,2489.333333,4581.666667,1218.666667,7553.333333,19310,14160,12560.66667,4513.333333,4403.333333,11183.33333,2226.666667,4283.333333,1861,2575.666667,10513.66667,1187.666667,1997.666667,2553.666667,1526,5107,1222.666667,29360,4063.666667,804.3333333,1380,6014.333333,4883.666667,3434.666667,348.3333333,7977.666667,4184,3156.666667,1517.666667,1928,6154.666667,5311,7283.666667,11588.33333,1571,4749.333333,6655,2959,5497.333333,7181.666667,3189.333333,15034.66667,17053.66667,5266.333333,16898,5099.333333,43698.66667,3898,16018.66667,13752.33333
NAGANO,869723.3333,25516,7082,16282.33333,3937.666667,2597.666667,1296.333333,4153,3232.333333,1448,825,941.6666667,1390.333333,2105.333333,5509,747.3333333,382.6666667,958,1048,5537,939.6666667,1238.333333,449,2198.666667,2189.666667,959.6666667,2337.333333,957,4661.333333,5649.333333,1117.333333,376,588.3333333,1103.666667,312.6666667,2472,3240.333333,1595.333333,1015.666667,7389.333333,1658.333333,1826.333333,2636.333333,1140.333333,763.6666667,4596.333333,1281,3038.333333,2993.333333,8467.666667,21801,9351.333333,1096.333333,1198,4702.333333,7059.666667,2355.333333,1738.666667,14566,737.6666667,10235.66667,722,4940.666667,552.3333333,7920.333333,2573.333333,1945.666667,863.3333333,1608,2011.333333,1826.666667,687.3333333,6591.666667,870.6666667,2098.666667,868.6666667,1747.333333,2475.333333,941,2563.333333,1229,833.3333333,3583,1628,1434.333333,3541,1603.333333,6992.666667,1653.333333,1466.666667,6413.333333,2767.666667,535.3333333,346,2208.333333,1685.333333,1122,3188,5051.666667,2417,4378,796,1897.333333,1081.333333,970.6666667,434.6666667,4780,1393,414,1352.666667,10010.33333,4655.333333,516,548,2870,1085.666667,2836.333333,600.6666667,3267.333333,1474.333333,699.6666667,2960,3471.666667,874.6666667,3749.666667,2457,3457,797.6666667,583.6666667,1706,3450,1449.666667,1415.666667,516.6666667,480.6666667,1248.666667,2307.666667,1470.333333,1475.333333,2582.666667,1831.333333,1720.333333,4001.333333,11641,1030.333333,1306.666667,9520.666667,775.6666667,6943.333333,2071,1515,7162,5726.666667,3421.333333,4763.666667,1786.333333,5063,1355.333333,8003,20112.33333,13110.33333,10453,4331.333333,6385.333333,11521.33333,2687.666667,2865.333333,1550.666667,1441.333333,8050.666667,973.6666667,1869,1308,758.6666667,7260.333333,1528.333333,23211.33333,4050.666667,856.3333333,1485,5703,5052,3436.666667,348,7854.666667,3628.333333,3387.333333,1058.333333,2475.666667,5927.666667,7419.333333,5717.666667,12105.33333,1205.666667,3441.666667,8289.333333,2840.333333,6209.666667,8718.333333,1925.333333,14635,21607.33333,6576.666667,21294.33333,4603.333333,45538.66667,4326.333333,26386.33333,17513.33333
GIFU,861891.6667,27961.33333,9014.333333,18586.33333,3016,2316,1172,4024,3013.666667,1700.333333,563,636.6666667,2543.333333,2048,4431,744,411,1009,929.6666667,3415.333333,963,1115.333333,678.6666667,2781,2120,1162,3016.333333,1789,4967,3825,1089,267,936.3333333,795,411,1290.333333,1831.333333,1109,854.3333333,6261.666667,1331.333333,1688,2512.333333,1716.666667,1181.333333,1949.333333,1572.333333,2346,2172,19929,22367.66667,11084.33333,1854,1242,6810,7475.333333,2247,1400.333333,15190.33333,1257.666667,9626.666667,930,3693,542.6666667,7744.333333,2072,2031,1035.666667,2560.666667,1871,1507.333333,841.6666667,5017.333333,981.6666667,2237.666667,1050.666667,1416.333333,1902.333333,935,2410,932.6666667,467.6666667,2687,2226.333333,1356.333333,2512.666667,1624.333333,6140,1549.666667,1867.333333,4396.666667,2057.333333,567,679.6666667,2054.666667,1046.666667,790.6666667,2836.333333,5087,2672.333333,2848,623,1669.333333,956,1185.333333,441,4774,1478.666667,459,1530,3871.666667,3397,459.6666667,739,1304.333333,1537.666667,2094.333333,2445,826,1312.666667,741,2817.666667,4038.666667,969,3637.666667,1646.666667,2804.333333,939.6666667,413.6666667,1906.333333,2057.666667,1196,1059.666667,715.6666667,562,1194.333333,1846,1134.666667,1342.333333,2441,2034.666667,1847.333333,4291,10331,367.6666667,1334,12296,842.6666667,7162.333333,2080.666667,1539.333333,6912.333333,5601.333333,3916.666667,4974,2056,4884.666667,1305.666667,7361.666667,13492,10200.66667,10133.66667,3916.666667,3552.666667,9494.333333,2428.333333,2703.666667,1743.333333,1256.333333,8522.666667,848,1821,1011.666667,973,6410.333333,6264.666667,24880.66667,2839,505.6666667,1316,5856,4986.333333,4557,445.6666667,7737.333333,3404,3733.666667,1426.666667,2289,6394.333333,4598.333333,3282.666667,10681,760.6666667,2396,8619.333333,2128.333333,7032,6440.333333,2161.666667,19249.66667,41669.66667,8235.666667,26330.66667,4829.666667,41240,11030.66667,17328.33333,14094
SHIZUOKA,953526.3333,36985.66667,8569.666667,20303,3332.666667,2855.333333,1306.666667,4841.666667,2805.666667,1686.666667,921.6666667,707,2323.666667,2379.333333,13115.66667,1525.666667,521.3333333,3007.666667,519.3333333,3690.333333,1271.666667,1060.666667,442.3333333,2213.666667,2533.666667,1105.333333,3728,2826,4600,3946,1268.666667,574.3333333,818,1188.333333,534.3333333,2117.666667,1776.333333,4538.666667,1872.333333,7126.333333,2533.666667,1329.333333,2666.333333,3245.333333,1588.333333,3639.333333,1749,3218,2511.333333,15343,26458.33333,12305.33333,2008.666667,2294.333333,5552.333333,7220.333333,2539,1970.666667,15146.33333,771.3333333,10531.33333,961,4837.666667,636.3333333,8253.666667,2925.666667,2204,1446,4032,2685.666667,2051.666667,911.3333333,6570.666667,1070.333333,3223.666667,1193.666667,2105,2790,1009.666667,3366.666667,1463,877.6666667,3654.333333,2767,1606.333333,3388.666667,1823,7997.333333,2054.333333,2130.666667,5027.333333,3508.666667,600.6666667,512,2695,1720.666667,1160.666667,2824.333333,6010.666667,3332.333333,3521,605,2503.666667,1050,1393.666667,805.6666667,5595.333333,1190,614.6666667,2035,4293.666667,6931.333333,317.6666667,680,3266,1870,2273.333333,1018.333333,1386,1479,1325,3779.666667,4179.666667,1009.666667,3598.333333,2427.333333,3149.333333,849,466.3333333,1643.666667,2698.666667,1289.333333,1169.666667,800.6666667,655,1180.333333,1911,1486.666667,1581.333333,2808.333333,2364.333333,1528.333333,4419.666667,11613.33333,1241.333333,1461.666667,10521.33333,955.3333333,6254.333333,2496,1626,7754.666667,5925.333333,4249.666667,4653.666667,2116,4636.666667,1113,7839.333333,18421,16789.33333,14914,4052,4286,11690.33333,2910,5064,1870.666667,2334.333333,11179.66667,1327.666667,2693,2335.666667,1371.666667,6900,4501.333333,32119,11301.66667,751.3333333,1072.333333,5006.333333,4178.333333,2673,357,7631,3560,4039,1091.333333,4353.333333,6518.666667,5737,6695.666667,11774.66667,1840.666667,2913.333333,8170.333333,3304,8332.333333,5127.333333,2200,16674.66667,24236.66667,5418.333333,17580.66667,4221.666667,46758.33333,3861,17782,10998.33333
AICHI,929371,30509.33333,10066.66667,19792.33333,4162,2875.666667,1209.333333,4452.666667,2787.333333,1917.666667,585,621,2210,2512.666667,7482.333333,877.6666667,474.6666667,1230.333333,826.6666667,3781,1012,1213.666667,880,2950.333333,2064.666667,1294.333333,3651.666667,1613.333333,6533.333333,5673.333333,1352,246.3333333,1061,1164,363.6666667,1118,1917.666667,1046.333333,1019.333333,6834.333333,1835.666667,1937.666667,2518.666667,2266.333333,929.3333333,2291,1663.666667,2344.333333,2304.666667,21030.33333,24330.33333,12700.66667,2159.333333,1514.333333,6621.333333,7732.333333,2312,1686.666667,14842,293,10741.33333,876,4157.666667,544.3333333,8494,2455.666667,2431.666667,1315.666667,3566.666667,2374,1910,983.6666667,6431.333333,1080.333333,2701.333333,1448,1853.666667,2320.333333,1003.333333,2996.666667,1070,710,3091.333333,2431.333333,1483.666667,3070.666667,2058,7606,1860.333333,1971.333333,4943.666667,3247,601.6666667,739.3333333,2630,1180,800,2819.333333,5461.666667,2682.333333,2955.333333,649,2053.666667,1265.666667,1215.333333,476,5927.333333,1279,654,1622,4542,4380.333333,442,1062,1653,1453.333333,2241.333333,1135.333333,992.6666667,1737,1087.333333,3617.666667,4662,1469.333333,4191,2083.333333,2884.333333,948.6666667,426.3333333,1797,2062.666667,1150.333333,854,771,640,1133,1875,1335.666667,1360.333333,2461,2102.666667,1533.333333,4384.333333,11080.33333,795.3333333,2146.333333,10642.66667,828.3333333,6475.666667,2227.666667,1611.666667,7314.666667,6003.666667,3392.333333,4625.666667,2058,4626.666667,1077.666667,7780.333333,18019.66667,13341.33333,14543.33333,4740,4344,11557,3367.666667,3325,2065,1428.666667,9199,1056.333333,2067.333333,1565.333333,1018.333333,4865.666667,2673.333333,28626.33333,4900.333333,832.6666667,1571.333333,5856,5215,3587,392.6666667,7611.333333,3350.666667,2953.666667,1124.333333,2665,5615.333333,6396.666667,4913,12277,890.3333333,2639.333333,9621.666667,3228.666667,7328.333333,5782.333333,2277.333333,17380,41042,8148.666667,28404,5119,46926.33333,12167.66667,12305.66667,8952.666667
MIE,857432,28265.66667,8641.333333,18892.33333,3101,2591.333333,1062.333333,3719,2754.333333,1716.333333,571.3333333,712,2025.333333,2368,6720.666667,1303.666667,763.3333333,2036.333333,667.3333333,3716.666667,1148.333333,1220.333333,667,3968,2260,1361.666667,3870.333333,2383,6792.333333,5556,1180.666667,207.6666667,1106.333333,896.6666667,499.6666667,1913.333333,1507.333333,850,1051.666667,8908.333333,2411.666667,1834.666667,2724,2298,1041.333333,1938,2141.666667,2204.666667,2617.666667,27980.33333,20201.33333,13036.66667,2229.333333,1340,5506.666667,7817.333333,2135,1987.666667,17017,661,10720,916.3333333,3812.333333,572,7954.666667,2162,1711,1039,2674,1945.666667,1442.333333,865.6666667,4911,989,2291.666667,784.6666667,1568.666667,2305,1048.666667,2491.666667,942,553,3010.666667,1707,1325.666667,2685,1652.333333,7665,1712,2021,4572,2929.666667,524.6666667,537.6666667,2397.333333,1044.666667,802,3067.333333,5057.666667,3188.333333,2568,756.6666667,1808.666667,987,1182,381.6666667,4800.333333,1364.666667,521.3333333,1465,4260,4960.666667,339,595.6666667,1791.666667,3716,2054,1230.333333,1119,1410.333333,960,3717.666667,4788.333333,1181.333333,4139,2058.333333,2969.333333,836.3333333,426.6666667,2301,2008,1434.333333,1196.666667,618.3333333,555.6666667,1237,1789,1259.666667,1354.333333,2349.666667,2101.666667,1503,4190.333333,11387.33333,655.6666667,1161.666667,10891.33333,972,6234.333333,1696,1555.333333,6736.666667,6694.333333,2791,3692,2034.333333,4712,1319.666667,7732,22358.66667,12276.66667,12677.66667,3721.333333,3141.333333,10582.33333,2699.666667,2620.333333,2056,1193.666667,7814.333333,813.6666667,1750,866.6666667,775.3333333,5534.333333,3590.666667,29741.33333,4432.666667,774.6666667,1158,5580.666667,4574.333333,3354.666667,363,7598.666667,3108.666667,3731.333333,1356.333333,2285.666667,5621.666667,4962.333333,6128.666667,7836,528.3333333,1947,7781.666667,1925.666667,4287.666667,4089,1548,12076.33333,15706.33333,3554,9288.333333,3507.666667,65843,5611,12692.33333,9708.333333
SHIGA,891115.6667,27467.33333,9926.333333,23245.66667,3633.333333,2721.666667,1162,3829,2441.666667,1836.666667,531.3333333,875.6666667,1714.666667,2302.333333,3320.333333,893.6666667,524.3333333,1259.333333,2019.666667,4273.666667,1141.333333,1008.666667,1677,4354,2115.666667,1465,3453.333333,2641,9733,4579,942.6666667,383.6666667,698.3333333,703,325.6666667,1754.666667,2023.333333,1775.666667,615.6666667,8199,2292.666667,1878,2431.666667,1006.666667,1007,2597.666667,1638.333333,1952.333333,2902.333333,32183.66667,23720.33333,15573.66667,2391.333333,1830,6497.666667,6583.666667,2144.333333,1386,17201.33333,459.6666667,8224,1085.333333,4544.666667,576.3333333,8492.666667,2366.666667,2403.666667,1525,3264.666667,2201.666667,1878.666667,804.3333333,6432.333333,1140,2635,1025.333333,1724.333333,2434.666667,971.6666667,3176.666667,895.3333333,792.6666667,3502.333333,1928.666667,1354.666667,2964,2276.666667,7136,1828.666667,2147.666667,4976.666667,4000.333333,621,593.3333333,3037.333333,958.6666667,1273.666667,3140.666667,5367.333333,3902,2981.666667,1272.333333,2165.333333,1489.666667,925.3333333,490,6290.333333,1961.666667,517,1385,4849,4789.666667,339.3333333,756.3333333,2182.666667,1715.333333,2126.333333,1102,1148.666667,1175,1250.666667,3576,4726.333333,1013,3771,2348.666667,3059.666667,1010,447,2036.333333,1954.666667,1279.333333,1306,797.3333333,595.6666667,1222.333333,2014.666667,1422.333333,1319,2375.666667,2213.666667,1669.666667,4151.666667,12092.66667,830.3333333,1381.666667,9501.666667,751.3333333,6928,2052.333333,1316.666667,7329.666667,5845.333333,3863.333333,4214.333333,2564,4522,1274,6738.666667,21178.66667,8949,13608.66667,3141,3086,9213,3309.333333,2759.333333,2318,1252,7636.666667,746.6666667,2273.666667,1092.666667,955,5763.333333,6109.333333,32300.33333,3369.666667,907.6666667,1461.666667,3991.666667,5672,3237.333333,484.6666667,7715.333333,3607.333333,3508.666667,1218.333333,2318.333333,5193,5658.666667,5322.333333,10959.66667,1014,2509,9009,3117.666667,4828,4025.666667,1422.333333,11350.66667,21793,4604.333333,14128.33333,4226.333333,54142,4898.333333,13658.66667,8786
KYOTO,996115.3333,34285,11054.33333,23867.66667,4128.666667,3100,1290,4166.666667,2866.333333,1826.666667,592.3333333,756.6666667,2317.333333,2216.666667,3693.333333,1193.666667,579.3333333,1619,2197.333333,4542,1175.666667,970.6666667,2270,4381.666667,2784,1653,4054.333333,2988.333333,9434.666667,4963.666667,1015.333333,476.6666667,1274.666667,1110.333333,566.3333333,1837.666667,2421,2473.666667,642.3333333,8551.333333,3003,1830.666667,2984.666667,1060.666667,1111.333333,3126,2433,1819.333333,3025,35280.66667,25284.66667,16422.66667,2837,1812.666667,7086.666667,6963.666667,2402.666667,1444,19506.33333,740,9317.666667,1251.333333,4794.333333,631.6666667,9153.666667,2812.666667,2762.666667,1774,3947.666667,2524.666667,2165.333333,1070.333333,7554.666667,1371.333333,3211,1147.666667,2221.333333,2455.333333,1093,3938,1119.666667,1707.333333,3867.333333,2773.333333,1631.333333,3422.666667,2978,8283,2451.333333,2319,5391.333333,3360.333333,769.3333333,600,2491.666667,993.3333333,1898,3512.666667,6013,4771.333333,2640,1194.333333,2278,1245,1327.333333,529,8410,1716,630.6666667,1337,4169,5030,531.6666667,592.3333333,2421.666667,1467,2614,1221.666667,1037,1278.666667,765.6666667,3836.666667,4351,1018.666667,3480.666667,2135.666667,3240.333333,1008.333333,470,2016.666667,2246.666667,1242.666667,1553.666667,894,614.6666667,1211,1936.666667,1733,1388.333333,2857,2571.666667,1612.333333,4666.333333,12264,821.3333333,1115,11943,994.6666667,7245.666667,1965,1567.666667,9012.333333,5450.666667,3670.333333,3500,2330.333333,5027.333333,1085.666667,8008.333333,19478,10745.66667,14182.66667,3847.666667,4912,11075.33333,4071.666667,3940.333333,2609.333333,1518.666667,9289.666667,835.6666667,3023.333333,1211.333333,1142,4376.333333,5094.333333,31541.33333,4755.666667,1217.333333,1535.666667,3901.333333,7557.666667,3678,435.6666667,8584,4137.666667,2810.666667,1337.333333,2582,4790.666667,6392.333333,5358.666667,15090.33333,902.3333333,3891,10054.33333,2816.666667,5612.333333,4100.333333,1883.666667,14336.66667,22799.33333,6317.666667,22171.33333,4155.666667,66812.66667,7103.333333,15725.33333,8783.666667
OSAKA,911147,28308.33333,10230.33333,23825,3924.666667,2027,1183,3844,3223,1903.333333,485,573,1936,2152.333333,4302.666667,961,523.3333333,1400.333333,1662.333333,3796,1179.666667,865.6666667,1774,3562.333333,2682.666667,1827,4107.666667,2666.666667,8416.666667,5448.333333,948.6666667,317.3333333,960.3333333,1016,436.6666667,1902.666667,2165.666667,1658.666667,496.3333333,6753.666667,3326.333333,1840.333333,2446.666667,884.6666667,871.6666667,1734.333333,1247.333333,1704,2229.333333,31071.33333,24618.66667,15606,2526.666667,2598.666667,5497.666667,6314.333333,2057.333333,1516.333333,15650,655,8696,1022.666667,3808.333333,703,9038.333333,2805,2422.333333,1981.333333,3916.666667,2369.666667,1725.333333,1113.666667,6941,1114,2986,847,1947.666667,2290,966.3333333,3620.666667,1199,898,3395.666667,2516.666667,1359.666667,2953.333333,2085,7223.333333,1918,2137.333333,4571,3877.333333,495.6666667,347.6666667,2186.333333,913.3333333,1171.666667,2406.666667,5529,3548,1794.666667,707,1972.333333,1361.666667,808.6666667,488,5551.666667,1606.666667,451,1222.666667,3424.333333,3809.333333,417.6666667,605.6666667,1642.666667,1137,1849,1003.666667,1221.666667,1317,919,3288.333333,4054.333333,969.3333333,3938.333333,1756.333333,2760.333333,992,368.3333333,1670.333333,1828.333333,1067,1527,878.3333333,598.3333333,1162,1613,1157.333333,1468,2497.666667,2198,1300.666667,4313.666667,10991.33333,405.6666667,953.3333333,7933.666667,919,6708,1911.333333,1562.333333,6954.333333,3683.333333,2346.666667,2977,1890.333333,3830.666667,913,7445,20112.33333,12634.66667,13469,3370,3753.666667,12591,3673.333333,4485,2313.666667,1485.666667,9018,985.3333333,2469.666667,1466.666667,1153,6622.333333,1838.333333,31665.33333,3043,820.6666667,1394,4778,5734,4243.333333,337.3333333,8918.666667,4600.666667,3291,1269.666667,2661,5088,4942.666667,4784.333333,15062,1593.666667,2660,9675,3539.333333,3798,2902,1574,13590,20366.33333,5039,14501,4012.666667,79987,6052,13208.66667,7538.333333
HYOGO,905929,27154,12315.66667,24871,3938.666667,3088.333333,1112,3810,2579,1658,732.3333333,655,1868.333333,2230,3171,961.6666667,649.6666667,1439,1465.333333,3967.333333,954,990.6666667,2173.666667,4534,2254,1637,4072.333333,2183.333333,9925.333333,5121,844.3333333,255.3333333,1285,968,283.3333333,1951.333333,1864.333333,992.3333333,485.3333333,8139,3381.333333,1915.333333,2492,789.3333333,911,2124.333333,1973.333333,1729.333333,2137.666667,30833.66667,23974.33333,15365,2360.666667,2310.333333,6945.666667,6421,2317.333333,1213,16700.66667,406.6666667,8901.666667,1101.333333,4484.666667,632,9210.333333,2702.333333,2485.333333,1727.333333,3685.333333,2422.666667,1939.666667,1027.666667,7416.666667,1243.333333,2627.333333,815.6666667,2001,2522.666667,1086,3505,1160,867.6666667,3622.666667,2159,1414,3037,2142,7759.666667,2248.666667,2302.666667,5014.333333,2793.666667,677,588.3333333,2002.666667,1108.666667,1049.666667,2706.333333,5815.666667,3752.666667,2271.333333,922,2211,1618,1014.333333,438.6666667,5533.333333,1202.666667,507.3333333,1206.333333,5869,4323,582,691.3333333,2557.333333,1419.333333,2458,1343.666667,1169,1374,786,3955.333333,4542.666667,1428.666667,3616.333333,2045,2688.333333,1049,432,2018.666667,1893.333333,1428.666667,1401,1022.666667,581.6666667,1146.333333,1849,1360,1265.666667,2599.666667,2159,1174.333333,3835,10519.33333,504.6666667,1109,9308.666667,1395.333333,6828.666667,2031.333333,1539,10381.33333,4694.333333,3569.333333,3203,2305,4626.666667,1039.333333,6624.333333,19477.33333,11689.66667,12937,3312.666667,3771,10743.66667,2512.666667,4156.666667,2569,1300,7784.666667,699.3333333,1793.666667,1555.666667,812.6666667,3773.666667,1530.333333,29788.66667,3927.333333,1541.666667,1385.333333,4233,5993.333333,3577.666667,310.3333333,8040.333333,2973.333333,2927.666667,1064.333333,2828.666667,4789.333333,5963,4905,11156.66667,723.6666667,3487.666667,8864.333333,2584,5792.333333,4167,3172,14137.33333,30641.33333,8485.666667,21683.33333,4813.333333,41161.33333,8720,13815.66667,6542.666667
NARA,925843.3333,30860,10896.66667,21994.33333,3651.666667,2692,1206.666667,4068.333333,2799.666667,1968,602,1101.333333,1909.666667,2692,4123.666667,966.3333333,503.6666667,1402.666667,1803,4000.666667,1169,1037.666667,1680.666667,3660.666667,2311.333333,1695.666667,4565.333333,2841.666667,8018.333333,3935.666667,853,307,1188.666667,1160.666667,324,1759,1946.666667,2109.333333,533,7250.333333,3104.333333,2019.333333,2755.333333,932.6666667,984.6666667,2227,1370.666667,2010.333333,2535.666667,32126.33333,25928.66667,15534,2898.333333,1689,5753.666667,7168.333333,2225.333333,1493.333333,18205,494,10006.33333,1190,4576.666667,749.3333333,9685.333333,2422.666667,2551,1608.333333,3166.333333,2213.666667,2101,1046.333333,7259,1034.666667,2972.333333,920.6666667,1748.333333,2465,1036.666667,3190,1206,950.3333333,3632.333333,2290,1548,2881.333333,2112.666667,7579.333333,2121.666667,2248.666667,5181.666667,2928.666667,667,579.3333333,2657.666667,1174.333333,1446.333333,3085.666667,5791,3950.666667,2322.666667,958.3333333,2087,1644.333333,1133.333333,464.3333333,6163.666667,1807.666667,566.3333333,1396.333333,4791,4543.666667,479.3333333,676.3333333,2086.666667,1674,2197,1485.333333,1047.333333,1242.666667,769.3333333,3565.333333,4659.666667,1273.666667,4083.666667,2513,3332.666667,1086.333333,515,1930.333333,1933.666667,1286.666667,1678.333333,945.6666667,667.3333333,1289.666667,1942.666667,1628.666667,1492.666667,2884,2172,1630.666667,4450,12141,534,1760,11794.66667,1083.333333,6890.666667,2184.666667,1567.666667,7816.333333,6920,4170,4770.333333,2452.666667,5465.666667,1603,7258,18385.66667,9600,13861.66667,3123.666667,3499.333333,11354,3290.333333,3011.666667,2425.666667,1248.333333,8015.666667,906.3333333,2225.666667,1419.666667,912.6666667,6668,4162,29284.66667,4527.333333,1162,1625.666667,4348.333333,6458.333333,3256.333333,452,8597,3585.666667,3210,1401.666667,2058,6234,6085.666667,5359,12059,859.3333333,2848.333333,9124.333333,2136.666667,5321,4239.666667,1776,14485,25675,5833,17269,4650.333333,50851.66667,7222.333333,12898.33333,6905.666667
WAKAYAMA,842422.3333,26592.66667,10218.66667,21799.66667,3473.666667,2553.666667,917,3724.666667,2697.666667,1830.666667,461,907,1661,1869,4746.666667,1519.666667,646.6666667,2340,1260.666667,3538,1891.666667,901,2008,4832,2955,1399.666667,5253,2552.333333,10712.33333,4049.333333,879.3333333,374,1041.666667,860.3333333,315.3333333,2063.666667,2070,4513.333333,640,7945.333333,3307.666667,1581,3677,957.3333333,975.3333333,1781,910.6666667,1779.333333,1861.333333,36055.66667,26052,15493.66667,2631.333333,3184,5427.666667,6508.666667,2161,1309.333333,17019.66667,378.3333333,8402,886.3333333,2971,556.6666667,9407.666667,2241.333333,2205.333333,1491,2905,1868.666667,1639,917,5270.333333,1256.333333,2311.333333,704.3333333,1596.333333,1898,989.6666667,2619.666667,937,709,3096.666667,2121.666667,1110.333333,2545.666667,1721,5306,1415.333333,2073,4428.666667,1969.333333,772,557.3333333,2365.666667,824,1133,2608.666667,4788,2382,1942.666667,921.3333333,1993.666667,3327.333333,816,351.6666667,4718.333333,1450.666667,423.3333333,1458.666667,3747,6886.333333,238.6666667,553.3333333,2373.333333,1254,1964.666667,1377.333333,3351.333333,1348,1104,3310,4508,785.6666667,2485,1756.666667,2752,1011.666667,439.3333333,2122.333333,1557,1560.666667,1497.333333,748.3333333,601,1196.333333,1574,1088.333333,1318,1901.333333,1718.666667,1095,4116.333333,10075.66667,593,1777.333333,7395,1122,6267.333333,1769,1532.666667,6239.666667,4183.666667,2822.666667,3118.666667,2125.333333,4152.666667,1106,6938,19488,13258.66667,13983,3451.333333,3310,10055,3089.333333,3565.333333,1982,1381.666667,7192,734.6666667,2038,1758.666667,1043.666667,4481.333333,2346.333333,22319.66667,2396.666667,584.6666667,1358.666667,4212,5418,4136.666667,403,8466,3535.333333,3304.333333,1208,2074,5945.333333,5195,5305.666667,11707.33333,808.3333333,1411.666667,9584.666667,1971.666667,2999.333333,2780.666667,939.3333333,10301.33333,21504.33333,4308,15368.33333,3375.666667,47317.33333,3882.666667,8516,6591.333333
TOTTORI,840562.3333,22537.33333,9838,18374.66667,3627,2141,1262.333333,3659,3917.666667,2808,354.6666667,807.6666667,1579.333333,2419.333333,1604.333333,1551,1515,1155.333333,3622,3202,1180.666667,909.3333333,605,4362,3553,1057,3418.333333,6422.666667,6534.333333,2347,1010.333333,863.6666667,1201.666667,889.6666667,692.6666667,2092,1649.666667,1051.666667,455.3333333,10495,2427.666667,3984,2183,2514.333333,587,2347.666667,772.6666667,1867.666667,2019.333333,19893,22325.33333,13341.66667,3329,2056,5457.666667,7821.333333,2359.666667,971,18400.66667,632.3333333,10456.66667,913,3814.666667,633.6666667,8722,2537.666667,2513,1269.333333,2871,2171.333333,1822,1482.666667,5608.333333,879,2346.666667,631,1603.333333,2403.666667,1000.666667,2723.333333,437,368,3048.333333,1342.333333,1078,2687,1440,5737,1788,2019.333333,5442,2421,421,225.6666667,2165,1263.666667,991.6666667,2741,6996.333333,3050.666667,2994.666667,917.6666667,2101.666667,942,1171.333333,1612,2835.333333,1593.333333,523,1508.666667,5167.333333,4248.333333,459,806.3333333,1713.333333,7435.333333,2183.333333,1577.666667,721.3333333,1891.333333,1461.666667,3395.666667,4961.333333,1097.666667,3014.666667,2369.333333,3070.333333,994,479.6666667,2098,1886.666667,1681,1255.666667,847.3333333,626.6666667,1386,1969,1210.333333,1711.333333,2663,2371.666667,1846,4698.333333,11841.66667,572,2135,9468,655.6666667,7298.666667,2004.666667,1567.333333,7223,5265.666667,4184.666667,6531.666667,2317,5475,1684.666667,8254.666667,12303.33333,10492.33333,12047.66667,2926.333333,3605.666667,9179,1748.333333,2905.333333,2009,1184,9408,578.3333333,1862.333333,1390,781.3333333,10050.66667,1216.666667,24781.33333,2083,471.3333333,1665.333333,3988.666667,6122.666667,3876.333333,435.3333333,7815,4657.333333,3459,1664.333333,1334.666667,6117,5175.333333,6239.666667,9391,631.3333333,2491.333333,11989.66667,3727.333333,4739,3977,925.6666667,10821.33333,27118.33333,3782,17535,3762.666667,23675.66667,3650.666667,14932,13735
SHIMANE,834428,24974,10159.33333,18471.66667,3318.333333,3221.333333,1389.666667,3787,3425,2247.333333,361,605,2448.666667,2189,1075,3318,1041,846.3333333,2395,3552.333333,1614,1000.666667,1272.666667,4499.333333,3046.333333,723.3333333,2326.666667,2039.666667,7686.333333,2455.333333,769.6666667,1760,593,484.6666667,1353,1361.333333,1266.333333,1057,885,8902.666667,2612.666667,1437.666667,4621.666667,1481.666667,922.3333333,1482,957,1808.666667,2010.333333,16259.33333,21377.33333,13116.33333,2517.666667,2277,4642,6834.333333,2375,1467.666667,17460.66667,315.6666667,9139,676.3333333,3653,419.6666667,8369.333333,2538,2200.666667,1269.333333,2751.666667,2168.666667,1471,1068.333333,4935,946.3333333,2461,830.6666667,1463,2438,1333.333333,2868,467,665.3333333,2977,1352.666667,1235.333333,2974.666667,1402.666667,5751.333333,1704.333333,1781.666667,4878,1915.666667,741.3333333,435,2055.666667,1645,1308.333333,2948,6410,3500.666667,2369.333333,873,2137,1070,1121.333333,550,4455.333333,1160.333333,534.3333333,1313.333333,4274.666667,4530.333333,323.3333333,805.6666667,1996,4568.333333,2807.333333,946.6666667,715.6666667,1420.333333,795.6666667,3099,4270.666667,743.3333333,3260.333333,1896.333333,3126.333333,1067.666667,536.6666667,3261.666667,2278,1635.666667,1087.666667,704.6666667,516.3333333,1416,2240.333333,1206.333333,1584,2464,2086,1761.333333,3908.666667,11164,657.3333333,1668.666667,10632,619.3333333,5572,1940.666667,1398.666667,5853.333333,4585.333333,3271,5647.666667,2311.666667,4169,1476.333333,6533,19050.66667,12432.66667,10545,3412.333333,3545.333333,8480,2395.666667,2596.666667,1948.333333,991,8533.666667,541.3333333,2015,1371.666667,881.3333333,4915.666667,2054,25685,5598.333333,622.3333333,1608.666667,3894.666667,4793.333333,4570.333333,412.3333333,8069.666667,3574,3269,1549.333333,2427.666667,4833.666667,8143.333333,9014.333333,13467.66667,876.6666667,2606.666667,10998.33333,2419.666667,6495.333333,4981.333333,1611,11915,23121,3617,14765.66667,3707.666667,33630,4196.333333,22124.33333,10648.33333
OKAYAMA,814567,20159.33333,9378.333333,23717.33333,3665,2365,1298.666667,4380,3469,2040,458.3333333,723.6666667,1507,2113,1885,1094.666667,426.3333333,1213,1376,3659.666667,969.6666667,1016,1385,3985.333333,2232.333333,1485.333333,3450.666667,1650.333333,9887.666667,4165,835.3333333,279.6666667,1509,857,412.3333333,1423.666667,1654.333333,873,348,6622.333333,2271.666667,1637.333333,2159,882.6666667,806.3333333,1822,683,1586.666667,1989.333333,18785.66667,22398.66667,13844.66667,2806.666667,2400.333333,4832.666667,6906,2266,1418.666667,14688.66667,611.3333333,9152,817.3333333,3612.333333,640.3333333,7291.333333,2412.666667,1846.666667,1181,2484,1980,1553.666667,971.3333333,4750.333333,952.3333333,2254.333333,533,1341,2102.333333,1091.333333,2660,978.6666667,430,2468.333333,1418.666667,1025.666667,2366.666667,1231,5039.666667,1526.333333,1643,4433.333333,2643.666667,435.6666667,260.6666667,1724.333333,883.3333333,846.6666667,2410,4753.333333,2631,2231.666667,691.6666667,1669,1067.666667,910.6666667,361,3736,863.6666667,295,1338.333333,3713,3610.333333,308.3333333,742.3333333,1852.666667,1412.666667,4783,832.6666667,3039,1375.333333,738.3333333,2806.333333,3884,730.3333333,3254.666667,1607,2709,985.6666667,409,1887,1811.333333,1192.666667,1047,986,542,1162,1767,1004.333333,1432,2607,1763,1517.666667,3921.333333,10298.33333,563,2122.333333,7344.666667,887.3333333,6984.666667,2154,1436.333333,7111.333333,4006.666667,2723.666667,3959.333333,2019,4334.333333,1348.666667,7564.333333,22101.33333,16823,10440.33333,4096.333333,4275,11049.66667,1621.333333,2832.333333,1637.666667,1191.333333,7686.666667,605,2048.333333,1456.333333,727.3333333,6112.666667,2553,26360.66667,1864.666667,715.6666667,1473.666667,4549,6065.666667,4552.666667,379.3333333,8382.333333,4243.333333,2958.333333,1753,1385.666667,6139,4839,5243,10123.33333,773.6666667,1640,8033.666667,2970,5588.333333,4370,1490,10481,9293.333333,2780,11762.66667,4877.333333,70416.66667,4171.333333,12697.33333,11935.66667
HIROSHIMA,907970,26691.33333,9563,20716.66667,3512.666667,2977.333333,1196.666667,3895.333333,2887.666667,1845.333333,585.3333333,874,1750,2214.666667,1970,1742.333333,924.6666667,1492.666667,1439.666667,3909.666667,1291.333333,1202.666667,2158.333333,4367.666667,2613.666667,1588.333333,3227.666667,1336.333333,10096.33333,6292.333333,864.3333333,314,4269,991,503.3333333,1318.333333,1918,667,546.3333333,7887.666667,3235.333333,1705.333333,2780,1051.666667,727.3333333,1633.333333,555.3333333,1966,2511.666667,27018.33333,23303.66667,14339.33333,2215.666667,3085,6385.333333,7149.666667,2609.333333,1434.666667,17693.33333,947.3333333,10896.66667,891,4144,551.6666667,8366.333333,2543.666667,2191,1376.333333,3285.333333,2310.333333,1727.666667,1008,6297,1261.666667,2730,915.6666667,1689.333333,2439.333333,1425.666667,2885,1550.666667,565,2996.333333,1984.666667,1436,3057.666667,1648,6019.666667,1751.333333,2212,5154.666667,2910,657.3333333,534.3333333,2879,1017,1139.666667,2857.333333,5563,2793.333333,2853.333333,697,2270,1119.333333,976.6666667,833.3333333,4439,1077.666667,422.3333333,1207.333333,5237,4177,271.6666667,676.3333333,2821,1497.333333,3177.666667,1203,1110,1283.666667,674,3477.666667,4779.333333,1030.666667,4494,2267,3286,1052.666667,503,2275,2243,1158,1484,1161.333333,557,1205,2006,1506,1380.333333,2646,1847.333333,1500.333333,4424.333333,11287.66667,496.6666667,2153.666667,10298,720.3333333,7221.333333,2061,1260.666667,7417.333333,4061.666667,3341,3560.333333,2117.333333,5030,1165.666667,7190.333333,18262,14163.33333,13099,3260.333333,3906.333333,12044,2445.333333,3094,1834,1093.333333,8231.666667,507.3333333,1681.666667,1558.333333,692.3333333,5419.666667,4913,29211.66667,2918,965,1653.333333,4388.666667,6017,3665.333333,372,8325.333333,3619.333333,3018.666667,1176,3175,5388.666667,6567.666667,8702,15220,1379.333333,2958,11655.33333,2755.666667,5804,4340.333333,2117.666667,10348.33333,20765.66667,3812.666667,15270.33333,3331.333333,65029.33333,5348,17382.33333,7736.333333
YAMAGUCHI,824987.3333,24331,8314.666667,19786.33333,2949.666667,2116.333333,1154,3138.666667,3468.666667,2527.333333,434.3333333,776.3333333,1390.666667,2516,1471.666667,3149.333333,845.6666667,1126,2052.666667,3638.666667,1285,926.3333333,2294,5206,2604.333333,1125.333333,4069,1602.666667,8928.666667,3513.333333,792,273,558.6666667,832.6666667,355.3333333,1444.333333,2216.333333,694,845,9058.666667,2924,2489.333333,4309.333333,1373.333333,732.3333333,1571.666667,637.3333333,2333.666667,2526,22401.66667,20370.66667,14670,2828.666667,2353.333333,5452.666667,7366,2873.333333,1708.666667,15915.66667,721,9488.333333,767.6666667,3702.666667,501.6666667,7874,2240.333333,1714.333333,1203.333333,2528,1899.333333,1212,806.3333333,4466,898.6666667,2226,764.3333333,1364.666667,2219.666667,1318.333333,2410,1038,397,2398.666667,1216.666667,1215.333333,2469,1366,4895.333333,1383.333333,1860.666667,4972,1988.666667,587.6666667,513,2280.666667,1082,1125,2782,4953.333333,2407.666667,2445.666667,539.3333333,1812.666667,919.6666667,1167.666667,650.6666667,3236.333333,1130.333333,581.3333333,1093,4217,3428.333333,180.3333333,631,1918.333333,1963.666667,1999.666667,646.6666667,686.6666667,1053,924,3022,4181.666667,774.6666667,2396.333333,1645.333333,3800,971.6666667,551,2522.333333,2100,1583,1109.333333,898.6666667,521.6666667,1394.666667,1791,1157,1406,2715.666667,1827,2156,4219.333333,10934,509,2480.666667,11537.33333,670,6771.666667,2169,1323.666667,7449,5998,4737,5695.666667,2591.666667,5376,1731.333333,7458,12839.33333,16691.33333,9633.666667,2896,3846.666667,9743.333333,1503,2997.666667,1388.333333,1165.666667,8540,463.3333333,1552.333333,1405.333333,707.3333333,7349.666667,4464,21871.33333,2556,617.6666667,2070,5252.666667,5125,3980,511.6666667,6880.333333,5337.666667,3322.333333,1844.666667,1653,7388.666667,5579.666667,10125.33333,12300.66667,621.3333333,1879.666667,12806.33333,2958.666667,4714.666667,3324,1019.666667,9638.666667,31656.66667,3680.666667,19178.66667,4044,21648,2597,15771.33333,14530
TOKUSHIMA,844863.3333,25489.33333,9988.666667,21821.33333,3586,2334.666667,1018.333333,3660,3669.666667,1964.333333,460.6666667,692.6666667,1726,2518.666667,3024.333333,975.6666667,338.3333333,2083,562,3088.333333,890.6666667,945.3333333,1068.666667,4594.666667,1921.666667,911.3333333,3079,1104.333333,5586.666667,4299.333333,880,308.3333333,585,612.6666667,331,1574,986.6666667,594,446.3333333,8327.333333,3571.333333,2999.333333,2261.666667,1201,884.3333333,1522.333333,768.3333333,1558.666667,1545,25786.33333,21020.33333,13173.33333,2849.333333,1980.666667,4106.666667,6500.333333,2126.666667,831.3333333,15327,1374.666667,8888.333333,775.3333333,3257,614,6372,2518.666667,1967,1399.666667,2481.333333,2198.333333,1480,1168,4392.666667,2860.666667,2476.333333,631.6666667,1574,2159.666667,805,2998,832,561.6666667,2224.666667,1805.666667,1236,2803.666667,1648,6198,1358.333333,2009.666667,4190,1976.666667,342.3333333,324.6666667,2894.666667,1790.666667,670.3333333,2081,6817.333333,2386.666667,2045.666667,639.6666667,1744,806,1230.666667,673.3333333,3672.666667,838.3333333,472.6666667,988.6666667,6020.333333,4221.666667,249.3333333,472,3633.666667,1815.666667,2323.333333,932,1127,1410.333333,855.6666667,2548.666667,4174.333333,664,2714,1623.333333,2751.333333,832.6666667,372,1833,2436.666667,1262.666667,1138.333333,925.3333333,604.6666667,1188,1533.333333,987.6666667,1598,2207,1961.333333,1625.666667,4155.333333,9652.666667,687,1308.333333,9100.333333,907.3333333,7062.333333,1644,1308.333333,6917.666667,4422,3400.666667,4463.666667,1970.333333,4159,1578.666667,7789.666667,19818.33333,12534.66667,13242.33333,3481.666667,3815,9481.666667,1824,2443.333333,1926,1449.666667,8735,585.3333333,1761.666667,2665.666667,844.3333333,6082,4661.666667,24696.33333,2572.666667,644.6666667,1488.666667,4399.333333,5754.333333,3763,345,9598,4753.333333,2987.666667,2173.333333,3023,6346,4993,6408.666667,10335.66667,679.3333333,1822.333333,9182.666667,2015,5763.666667,4166.333333,1518,11975.33333,19871.66667,3610.666667,11339.66667,5601.666667,61637.33333,3941.333333,17134,18684.33333
KAGAWA,864539.6667,23877,10881.66667,20246,6945,5878.666667,1203.333333,3761.333333,2781.333333,1992,494.3333333,738.6666667,1514.333333,2259,1979.666667,1352.333333,379,1798.666667,1021.666667,3540.333333,1047.333333,1165.333333,1515.333333,5110.333333,2039.666667,1623.333333,3327,1603.333333,8017,3280.333333,820.3333333,238,1482.666667,963,320.3333333,1124.666667,1163.666667,815.6666667,418,6488,4318.666667,1593.666667,2448,939.6666667,928.3333333,2190.666667,735,1562,1605,22076.66667,20833.66667,13641.33333,2449.333333,2625.333333,5458.333333,5910.666667,2264,1102,16304.33333,955.3333333,10037,807.3333333,3617,614.3333333,7169.666667,2384,2135.333333,1422.333333,2947.666667,1958,1587,1054,5076.666667,1134.333333,2358.333333,629.3333333,1498.666667,2419,1059,2640.333333,944.3333333,436.6666667,2480.333333,1467,1327.666667,2466.666667,1521.333333,5789,1420.333333,1933,4724.333333,1925.333333,494.6666667,289.6666667,2043,1264,863.6666667,2560.666667,5518.333333,3205.666667,2245.333333,907.3333333,2004,1277.333333,846.3333333,445,3565,819,440.3333333,1177.333333,4705.333333,4520.666667,163,581.3333333,2085.666667,1814.666667,2790.666667,1119.666667,1866.666667,1453.333333,872.6666667,2846.333333,4279.666667,864,3785,1751,3283,938.3333333,402.6666667,2819,2101.333333,1374,1446.333333,791.6666667,549,1082.333333,1856.666667,1134,1441,2459.666667,1897.666667,1442,4238.333333,10586.33333,601.6666667,2324.666667,8660.666667,1053.333333,7020.666667,2158,1413.333333,7474.333333,5959.666667,3838.666667,5467,2135.666667,5017.333333,1256,7937.333333,18531.66667,12730,10415,3935.333333,5003.666667,9988,1881.666667,3032.666667,2009.666667,1409,8167,495.6666667,1921.333333,1253.666667,790.3333333,5511.666667,5478,24606.33333,2649.666667,817.6666667,1549.333333,4861,6335,4331.666667,390,10034.33333,4691.666667,2367.666667,1562.666667,3237.666667,5503,4734,4770,9164.333333,881,2221.666667,9150.666667,2451,14577.66667,4990,3085.333333,13384.66667,29516.33333,5939,26086.66667,5604,33773.66667,6372.333333,14287.33333,16294
EHIME,816494.6667,25115,9033,24176.66667,4071.666667,2799.666667,1402,3938.666667,3154,2103.666667,562.6666667,754.3333333,1365.666667,2429.666667,1670.666667,1533.666667,536.3333333,2066.666667,671.6666667,3575.333333,1271.666667,1235,2059.333333,3880,2016,1331.666667,2949.333333,1621,7452.666667,2763.333333,889,268,864.6666667,789.6666667,232.3333333,980.6666667,1188.333333,692.6666667,687.6666667,7090.333333,3812,2354.333333,3203.666667,1346.333333,746.6666667,1392,590.6666667,1604.666667,1871,21997.66667,21615.66667,13881,3188.333333,2303.666667,4791.333333,7073.333333,2029,1405.333333,14448.33333,1153.666667,9235.666667,693,3523,561.3333333,8624,2503.666667,1925.333333,1196,2657,1941,1686.666667,1045.666667,4953.333333,991.3333333,2459,896,1509.666667,2385,1255,2779.666667,1168,567.6666667,2562.666667,1719.333333,1310.333333,2654.666667,1356.333333,5967.666667,1492,1679.666667,4504.666667,2313.666667,497.6666667,247.3333333,2356.666667,1130.333333,703,2410.333333,6055.666667,2704.333333,2568.333333,634.3333333,2045.666667,843.6666667,929.3333333,491,3181.666667,813.6666667,316.6666667,1401.333333,3965,5972.333333,95.66666667,265.3333333,4288,1464.666667,2191.666667,1033.666667,868.3333333,1078.666667,941,2432,4113.333333,692,2786,1453.666667,3215.333333,826.3333333,432.3333333,1799.666667,1909.333333,1426,1366.666667,889.6666667,596,1249,1703.333333,1041.333333,1499,2298,1863.333333,1926.666667,4403.333333,10531,716.6666667,1264.666667,9272.666667,590.6666667,7021.333333,2052.333333,1433.333333,7925.333333,3832,3058,5284.666667,2292,4891,1597.333333,7725.666667,19310,12377,11745.33333,3517.666667,3218.333333,11163,1526.666667,2519.333333,1698.333333,1140.666667,8702.666667,494.3333333,1871,1352.333333,704.6666667,7180.666667,2767,21772.66667,2070,610.3333333,1309,3995,5400.333333,4659.333333,502.3333333,9987,4649,3687.333333,1578.666667,3042,6065.666667,4510,5591,11621.33333,876,2188.333333,11128,2182.666667,5940,3791,1063.333333,10116.33333,20690.66667,3617.666667,14197.33333,5603.333333,36838,4173,11048.66667,17641
KOCHI,894478.3333,24997.33333,10091,17472,3697.666667,1798,1122.666667,3143.666667,3694.333333,2626,413.6666667,856.3333333,1373.666667,2221,5511,1595.333333,573.3333333,9106.666667,330,2475.666667,1362.333333,826,1001.333333,4721.333333,2655.666667,1223.666667,2818,1408.333333,6038,1889.333333,1071,365.3333333,604.3333333,893.6666667,470.3333333,1546.333333,1369.666667,3142,1469,8870.666667,3384.333333,2345.333333,4449,1756.333333,1430,1151.333333,564,1804.666667,2113.666667,21998.33333,20515,13738.33333,2965,2239,3810.333333,6302,2094.333333,1158.666667,11851,1132.333333,10452,792,3396.333333,491,9749.666667,2652.333333,2002,1591.666667,2650,2312,1534,1024.666667,6441.333333,877.3333333,2324.333333,632.6666667,1624.666667,2292.666667,1079.666667,2753,562,1033.666667,2118.333333,1614.666667,1397.333333,2948.333333,1416,8040,1480.333333,1880.333333,4470,2371,668.6666667,251,1992.333333,1220.333333,1054,2537.333333,6234.666667,2355.333333,2149.333333,655,2254,746.3333333,1395.333333,1763,2629.666667,1070.666667,495,1566.666667,4420.333333,4895,226.6666667,496.6666667,5934,4216,1718,906.6666667,1057.333333,1040,865.6666667,3282.333333,4393.666667,1058.333333,2932.666667,1826.666667,2815,879.6666667,562,2127.333333,1980.666667,1418.333333,964.6666667,864,612.3333333,1269.666667,2049.333333,1091.333333,1484,2548.333333,2135.333333,1844.333333,5521,10605,955.6666667,2230.666667,8471,1503,7292.666667,2036.333333,1640.666667,7646,4078,4670.666667,5712,2222.333333,5257,1919.333333,8532,11795.66667,17220,14142.66667,3655.333333,4028.666667,12503,2316.666667,3522.333333,1631.333333,983,9693.333333,447,1647.333333,1881.333333,656.3333333,9117,12335,23484.33333,2057,847.6666667,1631,4392.666667,5273.666667,4345.333333,303.3333333,8920,4802.333333,3544.333333,2564.333333,2454.333333,5688.666667,5045,7759,10002,1287.666667,2564,18598.33333,3169.333333,6421.666667,6209,2270.666667,14734,23895.33333,3824.333333,20418,3989,31380,5535.333333,34550.33333,10039.33333
FUKUOKA,843899,28358.66667,8123.333333,21809.66667,2625.333333,2403,1375,3768.333333,2973,1805.333333,593,657.3333333,1520.666667,2270.666667,1249.333333,1822.666667,785.3333333,720,1217.333333,3461,1498.666667,848.6666667,2046.666667,3744,1921.333333,834,2797.333333,1737.333333,8097.333333,4668.333333,812,163.6666667,698.3333333,845,323.6666667,769.6666667,6971.333333,494,749.3333333,6908.666667,2447,1372,2451.666667,984.3333333,793.3333333,1853.666667,501,1722.333333,2169.666667,21230.66667,23327,16361.66667,2610,2980.333333,4652.666667,6553.333333,2510,1612.333333,14498.33333,321.3333333,7737.333333,869.3333333,4135.666667,504,7941.333333,2809.666667,1711.333333,1264.333333,2952.333333,2253.333333,1574.666667,1145.666667,6287,906.6666667,2702,982.3333333,1623,2526.333333,1279,3289,974,861.6666667,3016,1816,1380.666667,3001.333333,1533.333333,6804.666667,1959,1679.333333,4346.333333,3996.333333,583.3333333,769.3333333,1937.666667,1276.666667,882.3333333,3070.333333,4777.333333,2321.333333,3132.333333,621.3333333,1720.333333,1087.333333,750.3333333,436.3333333,4258.333333,875.6666667,371.6666667,1402.333333,4020.666667,3393,288,515,1727.666667,1386.666667,2084.666667,965,614.3333333,1329.666667,584,2653.333333,3543.666667,1095.333333,3613,1981,2966.333333,873.6666667,447.6666667,1749.333333,2435.333333,1083.666667,1228,647.3333333,630.3333333,1230,1926,1179.666667,1463.333333,2541.333333,2228.333333,1595,3734.333333,10450.66667,454,1228.666667,6857.666667,813.6666667,7151.666667,1513.666667,1306,5811,2624,2588.333333,3294.666667,1798.333333,3611.333333,886,7105.333333,24458.66667,15833.33333,8315.666667,3413,3415,8710.333333,1459,2621.666667,1362,941.6666667,7014,714,1962.333333,1306.333333,799.6666667,4478,3998.333333,24895,4500.333333,986,1556,4069.333333,5787.333333,2811.333333,320,8417.333333,3518,1953,1103,3590.333333,5528.333333,4912.333333,7097.333333,11460.33333,731.3333333,3752,6880.666667,2516,7910,6005.333333,3133.666667,11766.66667,21632,4769,14951.66667,5246.333333,53975,5100.333333,22171.33333,13241.33333
SAGA,880475,32793.33333,7959.333333,19171.33333,2718,2816.666667,1157.333333,3284.666667,3167.333333,2343,384,579.6666667,1572,2194.666667,1683.666667,2951,938.6666667,742.3333333,1710,4059.333333,1348.333333,819.6666667,3179.333333,4606.666667,2492,720.3333333,3334.666667,1371.666667,8035.666667,5130.666667,1199,394.6666667,594.3333333,750,506.6666667,1070,2386.666667,547.6666667,842,6916.333333,3645,2543,3366.666667,1422.666667,833.6666667,2103,415,1841,2040,23329.66667,21765.66667,14145,2914,2645.666667,5042.666667,6705.666667,2516.333333,1578.333333,14390.33333,1021,8919.666667,684,3678,388,8224,2814.666667,1844.666667,1460.666667,2735,2138.333333,1400.666667,1367.333333,4844.333333,1088,2736.333333,981.3333333,1500.333333,2310.333333,1651.666667,2988,1384.666667,870.3333333,2534,1472,1285,3252,1680,6545.333333,1643.666667,1864,4365.333333,2540,473,560.3333333,3226,1203.666667,904.6666667,3159.666667,5841.666667,3474.333333,2888.666667,488.6666667,1988,1346.666667,1128.666667,555,4386,971,397.3333333,1205.666667,4206,3478.666667,212.6666667,405,1438,2947,1787,794,573.6666667,1218.333333,944.6666667,2217.333333,3957,765.3333333,2854.666667,2322,4330.333333,749.3333333,624,2684.666667,2719.333333,1403.666667,1303.333333,613.6666667,532.6666667,1306.333333,2183.666667,1010,1670.666667,2723.666667,2072.333333,1960.666667,4270.666667,10702.66667,1342.666667,1872.333333,9144.333333,1033,6997.333333,2035.666667,1426.333333,6413.666667,3129.666667,3773.666667,5458.333333,2400.666667,4490.666667,1689.333333,8093,17954,16704.33333,9512,3374.333333,5827,9351.333333,1743.333333,2894.666667,1448.666667,1222.333333,8089.333333,1026.333333,2143.333333,1448.666667,1008.333333,8835.666667,9946.666667,25150,6089,610.6666667,1594.666667,5030.666667,4854.666667,3044.666667,355,7575.333333,5178.333333,4302.333333,2099,2265.333333,6975.333333,6199.333333,8389.666667,10587,1302,2144.333333,9430.333333,1986.666667,5424,5512,2484.666667,12003,37402.66667,4336.333333,25586.66667,4390.666667,30312.33333,3021,17703.33333,12192
NAGASAKI,802229.6667,33506,7401.333333,21368,2473,1872,1113.333333,3961.666667,3259,1844,487.3333333,655.3333333,1867,2198,897,3331,987.3333333,804,654.3333333,2934.333333,1185.666667,612.3333333,2597.666667,5167.333333,2198,867.3333333,3900.333333,1870,9513,6395.333333,948,272.3333333,849,862,411.3333333,779.3333333,1969.666667,452.6666667,1001.666667,7785.333333,3274.333333,1921.333333,7264.333333,1726,751.6666667,1413,554.3333333,1831,2316,18948,21273,13635.33333,2967.333333,2797.333333,5013.333333,7113.333333,3082.666667,1559,13196,442,7918,639.6666667,3287.666667,413,8513,2933,1479.666667,1285.666667,2166,2173,1490.333333,1126,4332.333333,876.3333333,2540,893,1476,2169,1161,2900,855,768.3333333,2491,1772.333333,1197,3008.666667,1518.333333,6128.666667,1586.666667,1653.666667,3893.333333,3303.333333,517.6666667,537.6666667,1789,1046.333333,1173.666667,2663,4768,2518,2431.666667,583.3333333,1766.333333,1148.333333,916,439.3333333,3577.333333,1065,378.3333333,1233.333333,3849.666667,3346.333333,92,421,1272.333333,1380.666667,1809,997.6666667,1002.666667,1260.333333,906.6666667,2787.666667,3763.666667,920,4370,1563,3102.333333,839,425,2208.333333,2714,1421.333333,1141.333333,705,544.3333333,1198.333333,1868,1007,1368.333333,2686,1945.666667,1600.333333,3680.333333,9153,456.3333333,1326.666667,6438.666667,6603.666667,6369.333333,2107.666667,1160.666667,5534,2361.333333,2912.333333,3384.333333,2017.666667,3862,1025,7653,18722,14578,9834.333333,3181.333333,3336.666667,10303.33333,1539,2197.666667,1439,1225,7949.333333,452.6666667,2014.333333,1360.666667,1025.333333,5122.666667,1879.666667,27031.33333,5869,789.3333333,1612.333333,4450.666667,4162.333333,2789.333333,372.3333333,7411,3255.333333,2615,1504,2707,4540.666667,4979.333333,6994.333333,12006,664.6666667,2252.333333,8278,1751.666667,3047,4644.333333,814.6666667,8090,13402.33333,1628.666667,7939,3160.666667,61270.33333,2597.333333,15062.33333,8981.666667
KUMAMOTO,803954.6667,27567.33333,6782.333333,18193.33333,2469.333333,2363.333333,1237.333333,3204.333333,2793.333333,2042,537.3333333,611,1339.666667,2285,2103.666667,1615.666667,652.3333333,846,813.6666667,2781.333333,1026,739.6666667,2901.666667,3446,2052.333333,943,3152,1237,6264,4809.666667,847.6666667,133.3333333,548,681,289.6666667,861,2614.333333,670.6666667,572,6419.666667,2438,2291.333333,2146,1018,919.3333333,1332.333333,787,1700.666667,1765.333333,22217,21629.66667,15422.66667,2798.333333,4082.333333,5374.333333,6660,2496.666667,1198.333333,14017.33333,819.3333333,7424,654.3333333,3726,404,9104.666667,2767.666667,1394.666667,1042,2168.333333,2023,1391.666667,1142.333333,4539,1150.666667,2308,1223.666667,1377.666667,2136,1171.666667,2962.333333,776.3333333,553.3333333,2724,1387.666667,1234.666667,3240.333333,1361.666667,6413.333333,1750,1593.333333,4334.666667,2467.666667,575.3333333,714.3333333,1894,1247.666667,858,2461.333333,5408.333333,3071,3689.333333,607,1716.333333,712.3333333,967.3333333,337.3333333,3375,1002.666667,533.6666667,1306,3596.333333,3348,173,352,3410.666667,2304,1844.666667,1086.666667,720.6666667,2021.666667,1804,2237,3237.333333,832,2832.666667,2188.333333,4028,749.6666667,526.3333333,2138.666667,3063,1319,1107.666667,610.6666667,630,1318.333333,2262.666667,848.6666667,1574.333333,2299.666667,1807,1713.333333,3285.666667,9624.333333,681.3333333,2206.333333,11403.33333,611.3333333,7715.666667,2400.333333,1225,6147,3585.333333,3798.333333,4753.333333,2315,4101.333333,1137.666667,7495.666667,13221,16885,9490,2660.333333,3630.333333,8607,1229.666667,2574.333333,1547,922.3333333,8177,419,1984.333333,1374.666667,974,6579.333333,2949,23436.33333,6315,617.6666667,1324.333333,4927.666667,4576.333333,2537.333333,355,6532,4584.333333,3313.333333,1090.333333,1624.666667,5081.333333,3819.666667,8589,9746.333333,601.3333333,2514.666667,13028,1675.666667,4481.666667,4851,1433,12208,29195.66667,4780.333333,21139.33333,3938.333333,30413.66667,2722,17797.66667,11019.33333
OITA,833570,25999,7565,17200.66667,2695.333333,1954.666667,1122.666667,2861.333333,3053.666667,2152.333333,430,814,1337.333333,2402.666667,1601,2252,1065.333333,628.3333333,1180.666667,3597.333333,1477.333333,951.6666667,2006.333333,4810.666667,2101.666667,943.3333333,3276.333333,1984.333333,7161,4994.333333,869.6666667,259,563.3333333,954.6666667,461,884.6666667,2511.666667,510.6666667,985,7961,2912.333333,1573.333333,2607.666667,1426.666667,656.6666667,1457.666667,721.3333333,1809,2247.666667,26276.33333,21342,15394.33333,2756.333333,2470.666667,5774.666667,6952.666667,2313.666667,1645.666667,14882,678,9498,660.3333333,3703,410,8640.666667,2597,1569,1328.666667,2839.666667,2219,1412.333333,1165.666667,4910.333333,1057.333333,2630,1169,1697,2259.666667,1360.333333,3041.333333,824,495,2311.666667,1312.666667,1181.333333,3258.333333,1405.333333,5998,1668.666667,1912.333333,4557,2380,609.6666667,1670,2288,1186,1018.666667,2737.333333,5752.666667,2781.666667,3363,556.6666667,2012,873,953,414,5060,1000.333333,572.6666667,1233.333333,4027.666667,4157.333333,140.6666667,454,2638.333333,2294,2697.333333,908.6666667,744.6666667,1284,884,2784,4200.333333,934,3412.333333,2129.333333,3499.333333,772.6666667,511.6666667,2389.666667,2877,1484.666667,1398.666667,605.6666667,548.6666667,1219.333333,1951.666667,980.6666667,1410,2526.666667,1822.666667,1721,3661.333333,10549,664.6666667,1815,9464.666667,666.6666667,7057.333333,2358,1513.333333,7226.333333,4783.333333,3586.666667,4705.666667,2162,4960,1453,7220,17784.33333,16353.66667,10242.33333,2791.666667,3617.333333,8391.333333,2119.333333,1942.333333,1564,857,8646,376,1753.333333,1243.333333,771.6666667,6990,3119.666667,21697,5571.666667,1220.333333,1725.333333,4650.333333,5058,3027,318.3333333,7626.333333,3617.333333,2008.666667,995.6666667,2695.666667,6040.666667,4563.333333,8782,11265,1165.333333,2701,9323,1909,4752,5034.666667,2381,13293,26166.33333,3896.333333,19011.33333,5157,33050.66667,3766,19177.33333,13068
MIYAZAKI,795611.3333,22697.66667,6548.666667,14867.33333,2792.333333,1708.666667,1155.666667,3100,2514.666667,1953,423.6666667,734.3333333,1034.666667,2105.333333,2998.333333,2519,913.6666667,2193,613,2951.333333,1335,567.3333333,840.3333333,3179.333333,1819.333333,721.6666667,2591.333333,1082.666667,5645.666667,4080.666667,755.3333333,319,347,509,313.3333333,723,1608.333333,380,1305.333333,7081.666667,2941,1220.666667,2493.666667,870,941.3333333,1643.333333,755.3333333,2202.666667,2255.333333,18546.33333,21466.33333,15330.66667,2324.666667,2302,4351,6441.333333,2333,1887.333333,13931,763.6666667,9115,702.6666667,3524,392.6666667,7035.333333,2646.666667,1329.333333,1210.333333,2260.333333,1869,1328,984,4430.666667,957.6666667,2245.666667,852,1498.333333,2223.333333,1036,2763.666667,431,590.3333333,2510,1092,1275,2631.333333,1287.666667,5830.333333,1405.333333,1770,4039.333333,2857.666667,588.6666667,861,2193,803.6666667,882.3333333,2290.333333,5586,2608,3037.666667,449.6666667,1758,763.6666667,837,337,3511,884.6666667,499.3333333,1490.666667,4101.333333,3579.333333,225,217.6666667,2873.333333,1702.333333,2315,1074.333333,531,1067.333333,1678,2492,3857.333333,722.6666667,5137.666667,1851,2979.333333,681.6666667,473.3333333,2212,2790.333333,1645.666667,1395.333333,626,498.6666667,1247,2053.666667,769.6666667,1396,2086,1726.666667,1664,4231.333333,9186.333333,819.3333333,1397.333333,7553.666667,747.3333333,6260,1818.333333,1394,6446,4039,3422.666667,4331,2494.333333,4368.333333,1267.666667,7498.333333,16399.66667,14347.33333,8797.333333,3251,3383,8162,1413.333333,2324.333333,1197.666667,1199.333333,7977.666667,434.3333333,2461.666667,1625.333333,861.3333333,4999,5644.333333,26825.33333,4678.666667,458.3333333,1117.666667,5783.666667,3758.333333,3229.333333,332.6666667,7149.666667,3752.333333,3040.666667,1513.666667,2309.333333,6074,2735.333333,16117,9968.666667,354,1719,11741,1727,6382,5068,1354.666667,12158.66667,22724,2750.333333,16855,3747,43104.33333,2570.666667,24003.66667,13546.33333
KAGOSHIMA,832808.6667,25863.33333,6429,19311.66667,2747.666667,2613,1225.666667,3407.666667,3124.666667,1966.333333,380,714.3333333,1277.333333,2268,2410.333333,1642.333333,853.3333333,1250.333333,413.3333333,3272.333333,1654.333333,595.6666667,1572.333333,3422.666667,2025,963.3333333,3394.333333,992,4398.333333,4336.333333,928.3333333,112.3333333,343.6666667,751.3333333,308.6666667,597.3333333,1983.333333,560.6666667,787.3333333,6245.333333,6637.666667,1143,2159.666667,803.6666667,1149.333333,1716,679.6666667,1929.666667,1780,18871.33333,25051,16118.33333,2811.333333,2025.666667,4380,6753.666667,2476.666667,1655,13844,587.3333333,8543,754,3360,469.6666667,8175.666667,2788.666667,1500.333333,1055,2612,2069.666667,1530,1477,5131.666667,1151.333333,2504.666667,827.6666667,1594,2480.333333,1174.333333,3119.666667,394.6666667,676,2383.333333,1273.666667,1211.333333,3284.333333,1257.333333,6452,1634.333333,1755,4567.333333,2847.333333,461.3333333,925.6666667,2381.666667,1072,872.6666667,2269.666667,5300,2737.666667,3573.666667,504.6666667,1904.666667,938.6666667,939,242.3333333,3477,1142.333333,464.6666667,1323.333333,3733.333333,3516.333333,221,394.3333333,2703.333333,1455.333333,1858.666667,1031,614.6666667,1437.333333,1043.666667,2588.666667,4497.333333,1140,3042,1805.333333,3751.666667,691.6666667,459,2418,2373.666667,1520.666667,1744.666667,664.6666667,652.3333333,1243.333333,2296,871.3333333,1476.333333,2755.333333,2215.666667,1914,3803.666667,9410.666667,586,2346.666667,10259.66667,879.3333333,6718.333333,1769.333333,1406,7188.333333,3753.333333,3440.666667,4600.666667,2235,5150,1596.666667,8648.333333,17883.66667,17733.33333,9035,3069.666667,3256.333333,8350.333333,1930.666667,2221.333333,1809,1263.333333,7832.666667,402,2383.333333,1805.333333,746.6666667,5976.666667,3874.666667,21558,6713.333333,630.6666667,1458.666667,4644,4130.666667,2738.666667,491,8238.666667,3523,5605.666667,1826.666667,3327,6292.333333,1476.333333,13273.66667,10070.33333,367.6666667,1760.666667,7487.333333,1930.666667,7010,6588,2233.333333,16099,24374.66667,3090.666667,18719.33333,4703,42391,3002.333333,21829.66667,13424.66667
OKINAWA,725550.3333,34083.66667,7788,15394.33333,1679.666667,1923.333333,1011.333333,4298.666667,2798.333333,1683.666667,226.6666667,498,1440.666667,2642.666667,5830.666667,214,123.6666667,923.3333333,318.6666667,3330,825.3333333,990.6666667,665.3333333,841,917.3333333,429.6666667,2044.666667,285,3771.333333,3216,542.6666667,180,139.6666667,424.3333333,99,327.3333333,579.6666667,283.3333333,72,1947.666667,1149.666667,804,2785.666667,640,3729,596.3333333,175.6666667,5722.333333,1270.666667,10636.33333,21637.33333,9564.333333,2058.333333,2375.666667,3021.333333,5174.333333,2354.666667,5312.666667,11610,1995,6450.666667,333,3802.666667,267.6666667,8584,2741.666667,1837,1280.666667,2222.666667,2707.666667,1630,1368.666667,5372.666667,689.3333333,2762,226,2117.333333,3802,867.6666667,3790.666667,258.3333333,467,1879.333333,1089.333333,1216.666667,2679.333333,1045.666667,5189.333333,2204,1002.666667,3712,5194.333333,332.6666667,793.3333333,1997,707,1166,2905.666667,7536.666667,1259,2214.333333,364,1224,1680.666667,417,86.33333333,2167,346.3333333,223,1788,3545,3449.333333,519,755,1464.333333,892,1057.333333,765.6666667,256.3333333,959,457,1893,4312,1112.333333,6424.333333,1783,4407,749.6666667,467.6666667,1372.333333,2049.666667,1326.666667,1023,483.6666667,617.3333333,760.3333333,2086.333333,998.6666667,1327.666667,2560.333333,2253.666667,1197,3330.333333,8383.666667,213.3333333,557.6666667,5051.666667,664,5993.333333,1324.666667,699,4803,1949,3424.666667,5431,2003.666667,4065,1049.333333,5743.333333,19070,19878,8349,3322,2677.666667,6180.666667,1031.333333,2392,1305,1738.333333,9486.333333,314,1562.333333,1050.333333,1420.666667,3011.333333,2483,28538.66667,1627,576.6666667,1130.666667,7308,4709,3987.666667,593,7549.666667,4951.666667,3549,1290.333333,4769,6974,1573,6356.666667,8340.666667,382.6666667,2833.333333,8183,1714,1762,3824,1397,4759.333333,17565.66667,1887.666667,8419.333333,5801.666667,40502,3149.333333,16772.33333,16082
